,genes
0,HDAC3
1,WASF3
2,GAS8
3,GPR27
4,SCN2B
5,VIM
6,DAAM2
7,SBSN
8,PRKCG
9,SKIDA1
10,LRPPRC
11,CD38
12,OXSM
13,RBFOX2
14,KIF7
15,CBFB
16,FAM210B
17,SPEF2
18,BRPF3
19,NECAB2
20,ANXA2
21,ZNF365
22,TMEM229B
23,RALB
24,MSN
25,AMMECR1L
26,ATP2A2
27,COQ10B
28,AAMDC
29,LANCL2
30,CACNA2D3
31,DNAJB12
32,CASC1
33,ADAMTS10
34,CCDC92
35,ID2
36,GATA2
37,DUSP3
38,SIRT2
39,CDK7
40,CMTM7
41,PDE4C
42,WDR83
43,PLD3
44,ABTB2
45,FGF9
46,BRPF1
47,EIF4A2
48,PNMA1
49,MSRA
50,ESYT1
51,CBLB
52,EIF3K
53,SERINC3
54,PMFBP1
55,JMJD1C
56,SH3PXD2B
57,DDX20
58,LYST
59,PARM1
60,FOXG1
61,CHTF18
62,OPLAH
63,LRIF1
64,ROPN1L
65,JADE3
66,LIN7A
67,CRYM
68,STAT4
69,POLE
70,UNG
71,PCSK5
72,CHORDC1
73,COL1A2
74,TUBGCP6
75,CLPTM1L
76,MRPL38
77,PLCB1
78,KCNJ4
79,ARFIP2
80,TRIO
81,GPR4
82,ZNF408
83,FAM193A
84,LRRC20
85,NHLRC3
86,PDIA5
87,C2orf80
88,NUDCD2
89,NIN
90,SSTR1
91,CNTN6
92,KCNQ2
93,MYLIP
94,EMC9
95,MPRIP
96,IKBIP
97,MFSD3
98,BARX2
99,SEMA4A
100,ATG4B
101,COG7
102,BEGAIN
103,ERCC3
104,HEXA
105,CAMK2N2
106,GPX8
107,AASS
108,DHDH
109,RND1
110,BMPER
111,MS4A7
112,DIO3
113,CPNE5
114,ZNF839
115,SLC25A44
116,INSIG1
117,CKB
118,KCNH8
119,BRCA2
120,KDM2B
121,MYO1C
122,FEM1C
123,TDRD5
124,WDR24
125,HPN
126,LYPD6
127,NAE1
128,KCTD1
129,NQO2
130,KCNAB2
131,MRPL12
132,SLC6A7
133,GALNT13
134,ZFR2
135,TIAM2
136,YME1L1
137,CLVS2
138,ACOT8
139,PAMR1
140,PLEKHA1
141,UCP3
142,PRMT2
143,CEP152
144,VWC2L
145,DCTD
146,ANKMY2
147,CPNE8
148,PIP4K2B
149,DENND4A
150,PCDHB5
151,FAM155A
152,TFCP2
153,TMEM108
154,NOSIP
155,NOP2
156,ZDHHC4
157,DIDO1
158,ZNF410
159,TBC1D8
160,PRKG1
161,SIRT6
162,E2F4
163,NANOS3
164,SYPL1
165,PREX2
166,PTGDS
167,RBM24
168,FJX1
169,PANK2
170,IL34
171,AP3B2
172,SLU7
173,ADAM32
174,PHTF1
175,ATP9A
176,TMEM128
177,PPP2R2C
178,DMBX1
179,TRHDE
180,CACNA2D4
181,SUCLG2
182,SYN1
183,SPEN
184,CEP112
185,GNPDA1
186,CDH10
187,TAC1
188,ABCA4
189,METTL14
190,COL18A1
191,ACE
192,CTPS2
193,TRAPPC9
194,IDS
195,FNBP1
196,USP34
197,ABCA1
198,BOP1
199,DENND2C
200,ANGPTL2
201,MAPK1
202,SEMA5A
203,AP2A1
204,TSC22D3
205,JPH1
206,TAPBPL
207,SART1
208,CNTN3
209,RBM4
210,IQCE
211,SMYD2
212,LDLRAD3
213,PPL
214,BEND3
215,PRRT3
216,B3GNT4
217,TTC5
218,GRIK3
219,SLC9B2
220,GABRQ
221,PDCD4
222,FAM171A2
223,USP42
224,SGSM2
225,CA3
226,MEX3B
227,FZD1
228,VASH2
229,PICALM
230,PPIB
231,IRF2BP1
232,ATP8B1
233,WNT11
234,NAPB
235,NAPEPLD
236,CBX7
237,SIRT4
238,C11orf87
239,MAP3K5
240,OTUD1
241,TMEM150C
242,SCGN
243,PPP2R2D
244,PACRG
245,ACD
246,RPRML
247,WIPI2
248,PTOV1
249,DOK4
250,ZNF280C
251,NUP153
252,LRRK2
253,RTN2
254,PDK3
255,ARHGAP6
256,HERPUD1
257,ENDOV
258,LMLN
259,SRSF11
260,SLTM
261,BICC1
262,HECW1
263,PCBP3
264,ENOX1
265,NELL2
266,TTI1
267,SLC48A1
268,MAP2K4
269,GPCPD1
270,CA2
271,STAMBP
272,TMEM98
273,RREB1
274,CLK2
275,FCHO1
276,SSPN
277,CDKN2AIPNL
278,AGER
279,NPAS1
280,SNX9
281,INTS3
282,CKAP2
283,STAU2
284,NASP
285,STXBP5L
286,STOM
287,CDH18
288,PEX5L
289,WDR47
290,STAC
291,SH3BP4
292,SATB1
293,OSCP1
294,YARS2
295,SLC45A3
296,HSPB11
297,NPL
298,CCDC137
299,PISD
300,VGF
301,TESC
302,MAFK
303,ADPRHL1
304,USP43
305,NCK2
306,TSPAN17
307,CDK5R1
308,ITGA2B
309,MIA3
310,SHC2
311,FHDC1
312,TNNI3
313,HTR1A
314,MYO1B
315,PLXNA4
316,KAT8
317,STRADA
318,RMI2
319,STAU1
320,KLF9
321,PDPK1
322,SLC35F1
323,CMSS1
324,VRK3
325,PON3
326,ITGA9
327,PRPF8
328,NCOR1
329,CEBPB
330,LMO1
331,JTB
332,TUSC1
333,SSBP2
334,DENND4B
335,CLEC16A
336,ST8SIA6
337,PPM1M
338,THEM6
339,FAM163A
340,RAB11FIP4
341,ENDOD1
342,SENP2
343,UBL3
344,SLC4A1AP
345,LEPROT
346,NDST2
347,DDOST
348,PHLDB2
349,KBTBD11
350,THPO
351,RAI1
352,GNB1L
353,LINGO2
354,RNF215
355,MAFG
356,WRNIP1
357,NXPH2
358,SYNDIG1L
359,TSLP
360,FLRT3
361,PARD3B
362,SF3B2
363,BCKDHA
364,MAP1S
365,R3HDM2
366,CHST1
367,NPM2
368,SLAIN1
369,PLCH1
370,SEMA6A
371,SYCP1
372,CPD
373,KIAA1614
374,RSL1D1
375,RLF
376,SCRT1
377,HMGCS1
378,TIMP1
379,TMCC3
380,MRPL9
381,MORN4
382,NOL9
383,MRPL33
384,GGNBP2
385,DRAXIN
386,GCHFR
387,EPCAM
388,MAP2K1
389,TTC28
390,RUNDC3A
391,TTC39C
392,HECA
393,COL5A2
394,COL5A1
395,STMN3
396,SRC
397,MYO5C
398,SERTM1
399,ARMCX1
400,RTCA
401,PLXND1
402,PRPF19
403,CNIH3
404,ANXA6
405,YBX3
406,LRRC3B
407,NAA35
408,JDP2
409,ACSL3
410,DSTYK
411,SAMD9L
412,ZBBX
413,CPQ
414,MBLAC1
415,POLR3B
416,DHRS13
417,KLHL10
418,RING1
419,SIGIRR
420,RNF115
421,CTBP2
422,TAF4B
423,RAB37
424,ZNF226
425,DUSP27
426,ADAMTS2
427,NDUFV1
428,ATP6V1C2
429,HACE1
430,LPCAT2
431,MROH1
432,SHISA5
433,CCDC25
434,GLIPR1
435,GRK4
436,PAK1
437,TTC9
438,SDK1
439,OSR1
440,ZNF436
441,CDON
442,EBNA1BP2
443,KLF7
444,SEL1L3
445,FRAS1
446,NPHP1
447,MYBBP1A
448,CHCHD6
449,GPR62
450,CALN1
451,RILPL1
452,SLC25A35
453,C11orf68
454,BAIAP2
455,SLC16A7
456,FLRT2
457,PRDM2
458,MOB2
459,PPP2R5B
460,HMCN1
461,UBAC1
462,TGS1
463,AGPAT4
464,ELK3
465,TRPM7
466,BID
467,RAPGEF6
468,AKT2
469,PITPNM1
470,MATK
471,BRD1
472,KLC2
473,PLXDC2
474,GLIPR2
475,AMPD2
476,SFR1
477,ARPC5L
478,YIPF1
479,ZNF341
480,CDKL1
481,KLHDC2
482,PIH1D1
483,PARD6A
484,LRTM2
485,SLCO4C1
486,IFFO2
487,KLHL18
488,SETDB2
489,EID2
490,JMJD7
491,JPH4
492,EFNA5
493,GABRA4
494,TSEN15
495,ZNF148
496,DALRD3
497,PSMD2
498,PROKR2
499,TBC1D30
500,RGMA
501,PTHLH
502,DOCK8
503,RAP1GAP
504,MOSPD2
505,EXO1
506,GBF1
507,PAX2
508,PSMD1
509,CMTM4
510,SETDB1
511,FHL2
512,PIM1
513,LGI4
514,TMEM25
515,NCS1
516,PANX1
517,SOX5
518,ANKRD34B
519,CCDC160
520,EFNB3
521,CES5A
522,TFR2
523,IFI30
524,CNP
525,NGFR
526,PCDHB15
527,BCAP29
528,NR2C1
529,OSTF1
530,DIS3
531,SLX4
532,TSPAN8
533,SHISA2
534,PICK1
535,PLCB4
536,PRL
537,FBXO16
538,ROBO3
539,MACROD1
540,ADCK1
541,ZC3H7B
542,CDK14
543,ELMOD2
544,TBC1D16
545,B4GALT3
546,ICMT
547,NFKBIL1
548,ADO
549,IGFBP2
550,REP15
551,XYLB
552,SPIDR
553,ADAM8
554,TENM3
555,BTBD3
556,NFIA
557,CNNM1
558,UBAP2
559,RIMBP2
560,SLC22A8
561,TMEM260
562,SFMBT2
563,TRPM3
564,TTC29
565,TRIM45
566,SPATS2
567,ZNF248
568,NRN1L
569,RIMS3
570,SRSF4
571,TICAM1
572,MPZL3
573,COPS7B
574,B3GALT6
575,DCAF11
576,NUDT14
577,TNFAIP8L2
578,QDPR
579,SLC16A13
580,VAT1
581,ETS2
582,CFLAR
583,CDH7
584,MMS19
585,CAMK1G
586,NAT14
587,KNDC1
588,CREB3L3
589,DNAH10
590,ZNF324
591,ADM
592,C7orf26
593,CCDC146
594,MGST2
595,ATXN7L1
596,MYB
597,CHEK2
598,RFTN1
599,ARL6IP4
600,IPO5
601,NOL12
602,DUSP16
603,DDX1
604,CPEB2
605,PRKD2
606,EPHA10
607,SIRT5
608,ATP9B
609,ADAMTS16
610,CCNT2
611,SLC39A14
612,DMC1
613,STC2
614,HS2ST1
615,TWIST1
616,RXRG
617,JMJD4
618,FAM135B
619,CENPN
620,DHRS7B
621,AKAP12
622,C10orf90
623,XKR4
624,PARP14
625,DUSP6
626,SPRN
627,MVK
628,CHST12
629,PHACTR1
630,CDK5
631,SLC17A6
632,RANBP17
633,SOX11
634,CTSA
635,OXA1L
636,SOGA3
637,CCDC113
638,ADCY7
639,SBNO2
640,CREB3L2
641,GTF2F1
642,CHST6
643,UBR4
644,GNG2
645,NFIC
646,APOE
647,GRIN1
648,TARS2
649,DDR1
650,NR3C1
651,CENPF
652,MDH1
653,ALOX5
654,HK2
655,HTR4
656,MRPL4
657,STIM1
658,MAP2
659,TSPAN9
660,RCBTB2
661,RAB3GAP1
662,TENM2
663,CELF5
664,KIF5C
665,PTPN4
666,ZNF653
667,EFNA1
668,MALT1
669,ITSN1
670,TC2N
671,DAPL1
672,NOXO1
673,CHMP2B
674,GUSB
675,TANK
676,PDE8A
677,LIMA1
678,RNF25
679,APLF
680,SLC23A2
681,ASB2
682,PDRG1
683,USP3
684,SCN1A
685,ZNF48
686,VASH1
687,PRDM1
688,RCE1
689,LRCH1
690,CADPS2
691,POLH
692,TWF2
693,UPP2
694,SHROOM2
695,MAPK13
696,RDX
697,PDE7B
698,MIS18BP1
699,PHKG2
700,LIPC
701,ACER3
702,THTPA
703,GPLD1
704,SNTB2
705,COG5
706,GPR61
707,ZNF516
708,PPA2
709,SLC25A11
710,B4GALNT4
711,C1R
712,PLA2G4A
713,DHX35
714,AP5Z1
715,NEFL
716,NFAT5
717,FGF12
718,FBXO27
719,SMG5
720,IL11
721,KCNH7
722,SFI1
723,CRYZ
724,TMEM74
725,PCDH11X
726,USE1
727,NBAS
728,DLC1
729,CCDC6
730,ZNF575
731,ASTE1
732,VPS72
733,OLFML3
734,LACTB2
735,FAHD2B
736,HEBP2
737,FEZ1
738,SUN1
739,ZGPAT
740,MSS51
741,CCDC43
742,RNF4
743,VPS51
744,MYBL1
745,HMG20A
746,SYT2
747,B4GALT6
748,ZSCAN20
749,UBE2QL1
750,DSEL
751,ZWILCH
752,HACL1
753,SLC35E1
754,TMEM158
755,SLC9A9
756,PTPN14
757,TIMM23
758,NMI
759,PGM2
760,CAMK4
761,SPC25
762,KIAA0232
763,RFTN2
764,IL17RC
765,FMN1
766,MTCH1
767,ZNF488
768,CNKSR3
769,ARHGAP9
770,CAMK1D
771,TRIB3
772,FUT2
773,AMIGO1
774,CENPQ
775,DPF1
776,ASIC4
777,CDK18
778,ANKIB1
779,CYP2J2
780,ADRB1
781,KLHDC8B
782,RILP
783,KCNS3
784,RNF182
785,ENTPD6
786,CAMK2A
787,TET1
788,DNAH1
789,DVL1
790,CEBPD
791,PLEKHH3
792,MTX2
793,KANK4
794,BMP3
795,UNC5B
796,NOVA2
797,HDAC5
798,SLC45A4
799,BAIAP3
800,AACS
801,CDH12
802,TNK2
803,EIF3L
804,SLC9A1
805,DCAF15
806,TNPO3
807,ATAD5
808,INO80
809,BAP1
810,PGAP1
811,GRAMD1B
812,COL22A1
813,C1QTNF1
814,PLEKHG1
815,MCM9
816,AKT1
817,MAPKAPK2
818,ABHD17B
819,KLHDC9
820,CACNA1D
821,CAMKMT
822,PIK3R1
823,KCTD17
824,CDC37
825,HIVEP2
826,THRA
827,LRP12
828,CDC14A
829,STIL
830,LRP6
831,ZZZ3
832,UQCRC2
833,BOK
834,SYT16
835,PMM2
836,SYTL4
837,MAP10
838,FBXW5
839,DNLZ
840,ATP6V1C1
841,RPF2
842,PNOC
843,SYDE2
844,RPGR
845,RNF2
846,TH
847,TACSTD2
848,KLK10
849,SH3RF3
850,POLR1D
851,ST3GAL6
852,SPOCK3
853,MYSM1
854,SLC38A8
855,ARMCX3
856,PTPRN
857,FMR1
858,CHST15
859,BTG3
860,KLF5
861,RMND1
862,PIP4K2A
863,CHD5
864,NF2
865,HSPB2
866,FSTL5
867,MID1IP1
868,CPEB4
869,TMEM169
870,ACSS2
871,BCKDK
872,CHD7
873,SYT1
874,PCGF1
875,CROT
876,ATP6V1H
877,ABHD12B
878,RPS6KA2
879,ROM1
880,DNAH2
881,CYS1
882,STX5
883,CA11
884,MARK3
885,SPSB3
886,ATAD3A
887,SLC8A2
888,GAS2L3
889,TGFA
890,PRKCA
891,CCDC34
892,GRINA
893,MMP15
894,TSHZ2
895,FAM228B
896,CDH13
897,SOBP
898,HIBCH
899,HPCAL4
900,UGCG
901,TMEM123
902,WDR45
903,ATP1B1
904,KBTBD4
905,ANO5
906,TOMM40L
907,MSANTD1
908,PHLDB1
909,RAB11FIP5
910,CCNG2
911,RASL10A
912,KIAA1522
913,SPOP
914,PCYT1B
915,CHTF8
916,APOO
917,CHST11
918,SIN3B
919,COPS3
920,RLBP1
921,MGAT4B
922,PAQR3
923,ACVR1C
924,TTLL1
925,ZNF239
926,LRRC47
927,NHLRC2
928,EGR4
929,DUSP2
930,SERPINF1
931,RNF31
932,EPHA6
933,SMYD1
934,PRICKLE1
935,KSR2
936,KIT
937,LAMA5
938,TMEM144
939,ELFN2
940,KCNJ2
941,ST8SIA3
942,PAG1
943,SPC24
944,IL13RA2
945,ATP7A
946,SLC25A4
947,PLK1
948,NPNT
949,PDZRN3
950,SIX4
951,MICU3
952,HMMR
953,NTMT1
954,PRTN3
955,VSTM2L
956,RHBDD1
957,PPM1F
958,GAS2L1
959,KCNJ11
960,ST3GAL3
961,TP53BP2
962,VEGFC
963,SGK1
964,CNOT8
965,NOS2
966,SHOX2
967,KCNT1
968,CCNI
969,FBXL4
970,PRRX1
971,YDJC
972,NCEH1
973,LSM5
974,NFYC
975,CAMK1
976,RBBP7
977,CA14
978,NRG4
979,DYRK2
980,INSM1
981,FIBIN
982,ATXN2
983,AQP6
984,ALKBH4
985,ORC6
986,TUBG1
987,ERAL1
988,TMEM215
989,B3GALT1
990,CHST8
991,MPP6
992,LRRC28
993,ZIK1
994,BLM
995,PRMT7
996,CPNE1
997,HHAT
998,BPNT1
999,ACTR1B
1000,TCEA2
1001,MPP2
1002,PPM1G
1003,PLEKHB1
1004,GPI
1005,CPSF6
1006,STRIP1
1007,HIPK2
1008,ARHGAP28
1009,MAL
1010,CD47
1011,NDRG3
1012,CPT1C
1013,PKIB
1014,TRIM3
1015,CCDC138
1016,TMEM60
1017,RHEB
1018,NECAB1
1019,XRCC6
1020,DHX16
1021,CRIP3
1022,ZFYVE21
1023,CELF4
1024,VIT
1025,DPH6
1026,TSKU
1027,RYR3
1028,KCNB1
1029,NDUFS1
1030,LCP1
1031,CSMD2
1032,ARL10
1033,PPARGC1B
1034,TMEM132E
1035,TMEM178B
1036,KCTD13
1037,OPN3
1038,KIF9
1039,NCAPG2
1040,DMKN
1041,MYO5B
1042,TMC6
1043,SLC35D3
1044,ZNF667
1045,GRIN2B
1046,VARS2
1047,OTX2
1048,UHRF2
1049,GID8
1050,TEX10
1051,GPRIN3
1052,ZNF142
1053,WDR54
1054,CDK11A
1055,ADAM9
1056,EML5
1057,PPP5C
1058,BCHE
1059,CHST3
1060,TXNDC16
1061,SARS2
1062,RANBP9
1063,HAPLN3
1064,MSL3
1065,COL11A1
1066,AGFG2
1067,ERBB4
1068,DTWD2
1069,PMPCB
1070,VIP
1071,DCAF10
1072,ZBTB17
1073,NR4A2
1074,DPP10
1075,FXYD6
1076,NETO1
1077,STXBP4
1078,COPZ2
1079,MED6
1080,PRSS16
1081,PPP1R1A
1082,ZMYM2
1083,OSBPL9
1084,BMP2K
1085,COLEC12
1086,PPP1R15A
1087,KCNS2
1088,TTC39B
1089,ZNF689
1090,SYT17
1091,SLC25A25
1092,DCAF5
1093,BLVRA
1094,DNMT1
1095,PTN
1096,ANKRD6
1097,KLHL22
1098,SNTG1
1099,TMED3
1100,TMEM38B
1101,CAMK2B
1102,CTU2
1103,EXOSC9
1104,CAMKK2
1105,GPT2
1106,AP1S1
1107,TRAK1
1108,SDC2
1109,VCAN
1110,BRINP3
1111,PUS7
1112,MTFR2
1113,TAZ
1114,NUP155
1115,TMEM200A
1116,IFT74
1117,ANKS1A
1118,FAM111A
1119,PPIH
1120,ARHGDIG
1121,CERS6
1122,FOXK1
1123,OSGEP
1124,SSTR2
1125,NR1D2
1126,PRDM8
1127,GOLGA7B
1128,BRINP2
1129,RPS6KC1
1130,WNT9B
1131,TNC
1132,HEMK1
1133,KCNJ3
1134,RPRM
1135,ZNF521
1136,LEO1
1137,LGMN
1138,SNN
1139,FAT4
1140,SAMM50
1141,AGO4
1142,ABCB8
1143,ATF4
1144,TRAF3
1145,PGP
1146,SGPP2
1147,CACNG2
1148,GNPDA2
1149,RASGRP3
1150,MCTP1
1151,PPP1R14A
1152,ZFP14
1153,RPE65
1154,COL9A2
1155,AFAP1
1156,DDX27
1157,DDN
1158,BACE2
1159,ULK2
1160,SPATS2L
1161,BEND6
1162,G6PD
1163,AFP
1164,NTSR1
1165,GRB10
1166,RPUSD1
1167,TMEM170B
1168,USP35
1169,KIF13A
1170,SHD
1171,CCNO
1172,GRID2IP
1173,METTL6
1174,OXCT1
1175,HECTD2
1176,KLRG1
1177,INPP5E
1178,CSAD
1179,MME
1180,LY96
1181,CACNA1E
1182,SPPL3
1183,SLCO4A1
1184,VWA5A
1185,TMEM71
1186,DTX1
1187,MAD1L1
1188,WSCD2
1189,CABYR
1190,BARD1
1191,LGALSL
1192,MBOAT2
1193,XRCC1
1194,AGMO
1195,SLC1A1
1196,RAVER2
1197,C16orf70
1198,COLQ
1199,RILPL2
1200,CAPN1
1201,HES5
1202,DLX6
1203,KIAA1217
1204,SPIRE1
1205,TMUB2
1206,TSPEAR
1207,ELP5
1208,GABRA6
1209,LPCAT3
1210,TSPAN18
1211,HRH1
1212,PNPLA6
1213,CNIH1
1214,SLC25A38
1215,STARD5
1216,EVL
1217,TMEM176A
1218,NKRF
1219,MAPK10
1220,ASIC2
1221,MPP5
1222,LRRC55
1223,TFAP2D
1224,TST
1225,SLC35C1
1226,CPEB3
1227,FAM169A
1228,HERC1
1229,TBL2
1230,FANCG
1231,ABHD17C
1232,SERPINH1
1233,TEPP
1234,FBXL15
1235,DCXR
1236,COPS4
1237,KCNN1
1238,GPD1
1239,ALS2CL
1240,SPTSSA
1241,SCML4
1242,CRH
1243,KLK6
1244,AMT
1245,TNFRSF4
1246,EPHB6
1247,ANKRD9
1248,TUBGCP2
1249,FGFR1OP2
1250,GFRA2
1251,TMEM141
1252,RPAP1
1253,GMIP
1254,TMEM86B
1255,IGFBP5
1256,SLITRK1
1257,ARF5
1258,COASY
1259,MEST
1260,TEFM
1261,LINGO1
1262,JAG2
1263,TMEM132A
1264,ARHGEF11
1265,SCAI
1266,ATP13A2
1267,PPFIBP1
1268,ATF7IP
1269,BEST1
1270,DPYS
1271,FUOM
1272,DBF4
1273,BEAN1
1274,RNF24
1275,NDUFAF4
1276,MDGA2
1277,DGKG
1278,TBL3
1279,ATP6V0A1
1280,RNF157
1281,SYNGR3
1282,MAPKAPK5
1283,GBA2
1284,EPG5
1285,VGLL3
1286,SCG3
1287,MAVS
1288,RAB3C
1289,DAAM1
1290,PCID2
1291,AK5
1292,TCEAL5
1293,ZSWIM7
1294,JUP
1295,SCG5
1296,CCNYL1
1297,VHL
1298,LRRN3
1299,ACOT4
1300,ARPP19
1301,ASB13
1302,PDGFA
1303,PSMD4
1304,TAF15
1305,ACTL6B
1306,KCND3
1307,SV2C
1308,TRMT2B
1309,ZNRF1
1310,MRPS2
1311,SPATA7
1312,LAP3
1313,STRN4
1314,KLHL29
1315,CADM3
1316,ZMYND19
1317,DGKB
1318,IRS1
1319,CD82
1320,WLS
1321,HEYL
1322,PTPRS
1323,VPS37B
1324,MED16
1325,CTSO
1326,KCNJ8
1327,STK25
1328,ASXL1
1329,ARHGEF9
1330,SRPX
1331,KATNAL2
1332,FBXO45
1333,RAB27B
1334,SYNPO2
1335,CHRM3
1336,MCF2
1337,STAMBPL1
1338,IP6K3
1339,PAQR9
1340,ZNF382
1341,MYPOP
1342,MTF2
1343,FIBP
1344,NRCAM
1345,NGEF
1346,RRAGD
1347,SERP2
1348,KLHL2
1349,PRR14
1350,PAK3
1351,PFKFB2
1352,PRKCB
1353,DAB2
1354,CEP170
1355,HIP1
1356,TOP3B
1357,ASGR1
1358,FRMD6
1359,TXLNB
1360,EIF2B2
1361,HSPB3
1362,SLC2A6
1363,SERPINB1
1364,DLGAP2
1365,EFR3A
1366,MAP4
1367,ATG14
1368,PDGFB
1369,ACVR2B
1370,PPAT
1371,ACOT12
1372,CBLN2
1373,FBXL2
1374,PRC1
1375,CFP
1376,RRAS2
1377,TMEM200C
1378,EPS8
1379,HPRT1
1380,PTCHD4
1381,ONECUT2
1382,CNN1
1383,AP2M1
1384,SLC16A14
1385,SMC4
1386,MDH1B
1387,SPRY1
1388,ULK3
1389,EXOC6B
1390,CHCHD7
1391,SPNS2
1392,PI16
1393,SNX32
1394,TMEFF2
1395,ERRFI1
1396,HSPA12A
1397,GSTO2
1398,SYNE1
1399,SOX14
1400,GMPR2
1401,CDH23
1402,VRK2
1403,RGPD1
1404,PER1
1405,NUP85
1406,ALDH3B1
1407,TCOF1
1408,CACNA1H
1409,BMP2
1410,RPS6KA1
1411,GALNT18
1412,FCHSD2
1413,NAA10
1414,ZNF263
1415,CSRNP3
1416,CDC5L
1417,ADRA2A
1418,GFAP
1419,RTN4IP1
1420,B2M
1421,NR2C2AP
1422,GLS
1423,NCKIPSD
1424,TTLL11
1425,HMOX2
1426,ATP6V1A
1427,ARFGEF1
1428,PTPRN2
1429,ASH1L
1430,PDYN
1431,CYP7B1
1432,SESN2
1433,RPL7L1
1434,KY
1435,TMEM45A
1436,WNK1
1437,GPX3
1438,WDR90
1439,TIPRL
1440,PAFAH1B1
1441,ANXA4
1442,THSD4
1443,ZNF567
1444,FOXD1
1445,AXIN1
1446,SNRK
1447,POLR2D
1448,RAB11FIP2
1449,ZNF335
1450,MPP7
1451,TCF4
1452,PREPL
1453,QRSL1
1454,PRKG2
1455,DNAJC12
1456,DNAJC17
1457,CDC42EP1
1458,TRMT11
1459,TANC2
1460,SMS
1461,MPC1
1462,DDX31
1463,CHRNA3
1464,MYO9A
1465,CETN3
1466,PKP2
1467,KCNQ5
1468,LRRC14
1469,KLHL42
1470,FAM13C
1471,DDO
1472,CCDC78
1473,GALNT10
1474,ABCB10
1475,GABRD
1476,ZC3HAV1L
1477,RDH13
1478,CACNA1C
1479,STK33
1480,CDADC1
1481,LYPLAL1
1482,ASAP2
1483,PPP1R17
1484,ETV5
1485,SETD6
1486,ITGB1
1487,LZTS3
1488,NME5
1489,CDH3
1490,SLC37A1
1491,HCN2
1492,DNAJC16
1493,CMIP
1494,STK38L
1495,ADCK2
1496,ATP1A1
1497,ATP2B2
1498,SYT14
1499,SNX10
1500,VCAM1
1501,PEX11B
1502,KRT17
1503,CHN1
1504,EXO5
1505,GREB1L
1506,PGAM5
1507,GAK
1508,PEX14
1509,USP2
1510,MYH10
1511,GRM8
1512,GATAD2B
1513,COL23A1
1514,UNC5A
1515,SH3BP1
1516,TRAPPC6B
1517,PELI3
1518,PTBP3
1519,LRRC29
1520,CDHR3
1521,SPRED1
1522,ADCY5
1523,SP5
1524,PIK3R2
1525,CDH22
1526,TNFRSF12A
1527,FARSB
1528,APBB1
1529,SMARCB1
1530,PUSL1
1531,SMAP2
1532,DNAJC18
1533,EIF1B
1534,PTPN18
1535,ING4
1536,HTR2A
1537,OSBPL8
1538,CNNM4
1539,MNT
1540,FARSA
1541,STK3
1542,TRIM59
1543,NT5DC3
1544,LCORL
1545,NUP98
1546,TOR1A
1547,KCNG1
1548,GFPT1
1549,LMCD1
1550,MUSK
1551,ENPEP
1552,SULT4A1
1553,PARP9
1554,THOC5
1555,EXT1
1556,BRD3
1557,EAF2
1558,SOCS2
1559,EPHA3
1560,RBM18
1561,GGACT
1562,XK
1563,DAB2IP
1564,EVA1B
1565,STON2
1566,SLC14A1
1567,NPDC1
1568,RASAL1
1569,PALM
1570,METTL21A
1571,GALNS
1572,TMEM70
1573,AP1M1
1574,CSTF3
1575,ZFP36L2
1576,MICAL3
1577,ZNF395
1578,GABRG2
1579,FKBP5
1580,HAPLN1
1581,CTCF
1582,GCC2
1583,HS6ST1
1584,CIAPIN1
1585,TTLL12
1586,MAGEE1
1587,NPC2
1588,CNR1
1589,THRB
1590,NOG
1591,RNF166
1592,RBFOX1
1593,ZDHHC3
1594,GLRA3
1595,IQCC
1596,ANO4
1597,DENND3
1598,SAT2
1599,HOOK1
1600,MAPKBP1
1601,MCU
1602,CRLS1
1603,ZSCAN22
1604,WDR13
1605,MLLT11
1606,YTHDC2
1607,IGSF8
1608,TTYH3
1609,CCDC15
1610,LIMS2
1611,ZNF93
1612,TPST2
1613,DOCK5
1614,TMEM209
1615,TPM3
1616,ANXA3
1617,DAPK3
1618,SYNDIG1
1619,ANAPC16
1620,UBE2I
1621,UBXN2B
1622,NAV3
1623,NAP1L2
1624,FAM161A
1625,CENPJ
1626,ACADL
1627,ERLIN1
1628,RPF1
1629,CBWD1
1630,LMF1
1631,TRPM4
1632,GLT8D2
1633,SUGP2
1634,ITPK1
1635,SIPA1L1
1636,ARNT2
1637,ANAPC4
1638,EP300
1639,SUSD2
1640,WWOX
1641,IDNK
1642,ATP6V1G2
1643,UBA2
1644,RAD18
1645,AHNAK2
1646,TLE6
1647,CPSF1
1648,SLC20A1
1649,CAMK2D
1650,WDHD1
1651,ZDHHC12
1652,SYT12
1653,RGS4
1654,FGD4
1655,PSMB9
1656,GNGT2
1657,LFNG
1658,PCDHB14
1659,HELQ
1660,RBP7
1661,GNRH1
1662,TRPS1
1663,PGBD1
1664,RCBTB1
1665,TRIP6
1666,SPP1
1667,PDK2
1668,TSPAN2
1669,UCP2
1670,BAK1
1671,DEDD2
1672,CIART
1673,SLC25A32
1674,MED27
1675,FRK
1676,RRM2
1677,DIRAS2
1678,MYCN
1679,MRPS12
1680,HIP1R
1681,PDE3A
1682,PLA2R1
1683,SP4
1684,HIBADH
1685,PARD6B
1686,WDR18
1687,SLC39A10
1688,NAA16
1689,OVOL2
1690,SLC25A37
1691,ZDHHC2
1692,SALL3
1693,EDNRB
1694,FAM81A
1695,OSBPL7
1696,ZBTB4
1697,PDZRN4
1698,HABP4
1699,YAP1
1700,CD55
1701,ATP4A
1702,USF1
1703,BLOC1S2
1704,MED31
1705,SLC24A4
1706,WDR60
1707,FGF5
1708,BZW2
1709,KIF1A
1710,SLC17A5
1711,LRP10
1712,DLST
1713,NLGN1
1714,KCNK3
1715,MAN1C1
1716,OSBP2
1717,HOPX
1718,DTWD1
1719,PHLPP2
1720,BTBD17
1721,ZYX
1722,CIAO1
1723,BTBD11
1724,CAMKK1
1725,MTMR1
1726,LRRTM4
1727,ASPHD2
1728,GNAI1
1729,GMCL1
1730,SYNM
1731,HILPDA
1732,CCL2
1733,FRMPD4
1734,STK32B
1735,COL24A1
1736,DDX5
1737,DIRAS1
1738,ATRN
1739,PLEKHM3
1740,NDUFAF5
1741,CXADR
1742,TRAF2
1743,SV2A
1744,RIN2
1745,DRG1
1746,ATP2B4
1747,IGF2BP3
1748,NKIRAS2
1749,SPAG5
1750,SAPCD2
1751,ACAD9
1752,ATP2C2
1753,MANBAL
1754,USP22
1755,IRF3
1756,WDFY4
1757,WDR4
1758,PLCXD3
1759,HES6
1760,ACOT7
1761,ZFHX3
1762,YWHAG
1763,MRPS30
1764,FXYD7
1765,SOCS7
1766,INTS8
1767,OXR1
1768,MAP3K9
1769,YES1
1770,NLK
1771,CLIP1
1772,IDE
1773,CSTF2
1774,SLC38A1
1775,MAMDC2
1776,TRIP10
1777,CTNNA2
1778,RAD9A
1779,TTC22
1780,CDKL2
1781,SERPINA3
1782,CLEC1A
1783,CTDSPL2
1784,TMEM203
1785,TNFAIP1
1786,SRP68
1787,TCAP
1788,PRDM15
1789,TMEM165
1790,BDNF
1791,GM2A
1792,KCTD16
1793,RNF152
1794,TET2
1795,ATG16L1
1796,SMC6
1797,NIF3L1
1798,SRF
1799,NTRK2
1800,GGN
1801,CRCP
1802,NPY1R
1803,MIEF1
1804,PTGER4
1805,ARVCF
1806,PNO1
1807,GAS2
1808,HCN4
1809,GRM5
1810,FARP1
1811,INF2
1812,WWP1
1813,SPOCD1
1814,LAYN
1815,PTPN2
1816,HIF1AN
1817,LGALS3
1818,GRIPAP1
1819,SDF4
1820,STK35
1821,PDCL3
1822,VPS37D
1823,SYNGR1
1824,CELSR3
1825,ADRA1B
1826,DPP7
1827,EML6
1828,RNF121
1829,CENPV
1830,STX1A
1831,ITM2A
1832,GUK1
1833,SYNE4
1834,FMO2
1835,MTG2
1836,TNFRSF25
1837,RAD1
1838,FAM160B1
1839,IPO9
1840,TUBG2
1841,BDH1
1842,PDIK1L
1843,FLAD1
1844,CDC42SE2
1845,SNX14
1846,KIFC3
1847,GSE1
1848,PLEK
1849,CD99L2
1850,PEX26
1851,GLMN
1852,CLK4
1853,LOXL1
1854,ZBTB20
1855,NUMB
1856,NICN1
1857,NPAS2
1858,CLMP
1859,TMEM164
1860,STXBP1
1861,AK7
1862,ABCA9
1863,FIGNL2
1864,COA7
1865,KRBA1
1866,ABCA3
1867,NT5M
1868,FEM1B
1869,KLHL13
1870,WRAP53
1871,FNDC3A
1872,SVIP
1873,LDB3
1874,IL1RAP
1875,DACH2
1876,RAB3IP
1877,DNAH14
1878,SEMA7A
1879,RASSF5
1880,NT5DC1
1881,CTNNAL1
1882,SEMA3D
1883,ADAMTS3
1884,POLB
1885,ITPKA
1886,PDCD7
1887,EMC4
1888,LAMB3
1889,TRIM27
1890,NDUFAF1
1891,NDUFS2
1892,SAP130
1893,ARRB2
1894,NRN1
1895,ADCY1
1896,EIF5
1897,SLC25A12
1898,MAP4K2
1899,THY1
1900,CHPF2
1901,LIN9
1902,BBOX1
1903,SMARCD3
1904,CCDC58
1905,LYSMD2
1906,PTPN5
1907,NFATC2
1908,RAD51D
1909,HMGXB4
1910,MXD1
1911,RBMX2
1912,RRS1
1913,CALCOCO1
1914,HMG20B
1915,WNT2B
1916,ARHGAP20
1917,HOOK2
1918,DNAJB14
1919,BABAM1
1920,URGCP
1921,SLC4A2
1922,ATXN1
1923,MRTO4
1924,SLC12A5
1925,CUL4A
1926,ETV4
1927,TNR
1928,FEZF1
1929,PTPN9
1930,EPN3
1931,LY6H
1932,LAMA1
1933,IQSEC2
1934,CCDC39
1935,PLD1
1936,USP45
1937,THOP1
1938,FRMD4B
1939,UNC5C
1940,C12orf66
1941,GJB2
1942,RAD51C
1943,BRSK1
1944,MPHOSPH9
1945,DMTN
1946,ABCC3
1947,PBX3
1948,CRTAC1
1949,TMEM62
1950,DMPK
1951,PTGES2
1952,EEPD1
1953,DYNC1H1
1954,PLXNA1
1955,RAB36
1956,ATP13A1
1957,ADIPOR2
1958,DPP4
1959,ANKRD13D
1960,TEKT2
1961,SUSD1
1962,TFAM
1963,ECHDC3
1964,VPS13D
1965,TACO1
1966,SLBP
1967,KCNK2
1968,GNA15
1969,FAM20A
1970,FAM219B
1971,PLXNB1
1972,SOX3
1973,NAT1
1974,LAMC1
1975,PWP1
1976,ATP7B
1977,DLL3
1978,PPP1R12C
1979,ZNF574
1980,WDR92
1981,PAPSS2
1982,ARAP3
1983,FLOT1
1984,MS4A6A
1985,AIFM3
1986,RPGRIP1L
1987,PPM1A
1988,COL12A1
1989,NXNL2
1990,PFAS
1991,UPP1
1992,RTF1
1993,MBTPS1
1994,EHD2
1995,CEP76
1996,KCNIP2
1997,EIF5A2
1998,PATE2
1999,MAN1A1
2000,ERBB3
2001,PARP4
2002,SERTAD4
2003,PIP5K1C
2004,GALNT9
2005,GLCCI1
2006,DBN1
2007,MARCKSL1
2008,POU4F1
2009,DEPTOR
2010,TAGLN2
2011,VPS45
2012,GNG4
2013,ATP6V0C
2014,SPG7
2015,DNAJC7
2016,CABIN1
2017,CA13
2018,RASAL2
2019,P4HTM
2020,ATAD2B
2021,MYOM1
2022,SUB1
2023,SERPINI1
2024,GPR101
2025,NOL10
2026,EIF4G3
2027,MAN2C1
2028,TNFRSF21
2029,ARHGEF17
2030,ARID3A
2031,RTN1
2032,RASGRP2
2033,KIF5A
2034,FAM160B2
2035,STPG1
2036,PSRC1
2037,STK11IP
2038,CEP44
2039,RYR2
2040,WDR17
2041,CYB5R2
2042,STK19
2043,SLC25A23
2044,FOXRED1
2045,FAM135A
2046,GIT2
2047,NAB2
2048,HAGH
2049,UST
2050,CPNE7
2051,SHCBP1
2052,THAP7
2053,FAP
2054,SLC36A1
2055,ICA1L
2056,CRYGN
2057,GFOD1
2058,MAFB
2059,TBCK
2060,RASD2
2061,TTF2
2062,SNCB
2063,DDB2
2064,RNF144A
2065,SIK3
2066,ZBTB37
2067,MSC
2068,BAG5
2069,DUSP4
2070,TSTD1
2071,FYCO1
2072,DISP2
2073,MAPK14
2074,LIN28B
2075,FHIT
2076,NAGLU
2077,ULK4
2078,PIANP
2079,PDLIM7
2080,CBX6
2081,COG3
2082,VASN
2083,SLC26A8
2084,DBNL
2085,VTA1
2086,HOGA1
2087,CDR2L
2088,USP28
2089,SPAG1
2090,RPIA
2091,LETMD1
2092,RNF10
2093,COA4
2094,PATL1
2095,ETNPPL
2096,IFT122
2097,PRKCE
2098,SLC25A42
2099,GATM
2100,SUOX
2101,ANXA1
2102,MMS22L
2103,PSD
2104,SHISA7
2105,CYP51A1
2106,TFRC
2107,RPS6KA5
2108,IMPA1
2109,RHOV
2110,RAP2B
2111,APOL2
2112,UBE2T
2113,EPHX1
2114,NUP35
2115,RSPO2
2116,CLSTN3
2117,ASXL3
2118,CASP6
2119,ZNF608
2120,NPLOC4
2121,RFC3
2122,VPS16
2123,KREMEN2
2124,MVB12B
2125,CYBRD1
2126,LHFPL4
2127,LRRC43
2128,SYNGAP1
2129,KHDRBS2
2130,SLC22A15
2131,IGFBP3
2132,C8G
2133,RXRB
2134,HTT
2135,HSD17B13
2136,TRIM37
2137,TRIM32
2138,GPD1L
2139,NSMF
2140,SMIM3
2141,TMED10
2142,ZFAND2B
2143,NUDCD1
2144,GSKIP
2145,BSDC1
2146,MTUS1
2147,DENND1A
2148,RELL1
2149,PAFAH2
2150,SPRED2
2151,SH2D3C
2152,FAXC
2153,TMEM196
2154,KLF3
2155,CNTN5
2156,FOXJ1
2157,VDAC3
2158,LDB2
2159,FDPS
2160,TTL
2161,TTBK1
2162,LPCAT4
2163,SPEG
2164,TANGO6
2165,ARL16
2166,LRCH2
2167,KCNN3
2168,KCNMB2
2169,RANBP10
2170,UBA5
2171,SLC4A10
2172,RASSF3
2173,E2F1
2174,GAL
2175,TCF7L2
2176,SHROOM4
2177,YWHAZ
2178,CREG2
2179,MIEF2
2180,TRO
2181,CHCHD10
2182,ABHD13
2183,PPP1R36
2184,WDR37
2185,USP25
2186,TXNIP
2187,C2CD2L
2188,TEP1
2189,RTEL1
2190,RGMB
2191,MEF2A
2192,MDC1
2193,B9D1
2194,GUCA1A
2195,ELOVL7
2196,PIAS2
2197,DPP8
2198,EDRF1
2199,SEZ6
2200,AXIN2
2201,TMEM37
2202,CYLD
2203,SH3GL3
2204,KDM5C
2205,CDNF
2206,PITPNA
2207,PKD2
2208,OAT
2209,FKBP11
2210,HEBP1
2211,FBXO44
2212,EI24
2213,MPL
2214,PMS2
2215,NYAP1
2216,CCDC47
2217,RNMT
2218,PHYHIP
2219,DHX33
2220,B3GAT2
2221,ZNF583
2222,MAEL
2223,MN1
2224,LRBA
2225,POLR3A
2226,CAMK2N1
2227,NR4A1
2228,FSD1
2229,TRIM54
2230,NEMF
2231,ITGA6
2232,RCOR2
2233,CNTNAP1
2234,ARHGAP39
2235,INTU
2236,SULT2B1
2237,SMAP1
2238,PMP22
2239,MICAL1
2240,TSPAN14
2241,TMX3
2242,CPXM2
2243,RACGAP1
2244,MYRF
2245,SPHK1
2246,EHD3
2247,CIZ1
2248,IP6K1
2249,LAMB2
2250,RAB40B
2251,PRRC2B
2252,RNF111
2253,TLE1
2254,RSPH1
2255,CNTN1
2256,GINS1
2257,MED10
2258,GPR22
2259,ELOF1
2260,HDDC3
2261,ARL3
2262,NFRKB
2263,FAM98C
2264,ANKRD12
2265,MCTP2
2266,ANLN
2267,ZDHHC7
2268,IRX1
2269,FBXO40
2270,MARK2
2271,CITED2
2272,TOX4
2273,ZMAT1
2274,AHI1
2275,PLCL2
2276,LYRM4
2277,SIN3A
2278,SLC6A13
2279,GCKR
2280,SNX6
2281,CTHRC1
2282,EMC2
2283,EBF2
2284,CAPN11
2285,UBALD1
2286,ADARB1
2287,DUSP8
2288,GJC1
2289,MEF2C
2290,DNAJC4
2291,TSC2
2292,SLIT2
2293,NARF
2294,NEURL1
2295,DMAP1
2296,KIF3A
2297,PDCD6
2298,CDH19
2299,NDST3
2300,MOGAT1
2301,CYFIP1
2302,DDRGK1
2303,PCBD2
2304,CASQ1
2305,TFB2M
2306,CAMSAP3
2307,PELI1
2308,CACNB3
2309,MED12
2310,PTK2
2311,KDM4A
2312,RPP40
2313,TRIM71
2314,RPUSD3
2315,PPP1R32
2316,ARHGEF18
2317,TMEM109
2318,RALBP1
2319,CHRNA7
2320,PSD4
2321,BBS1
2322,SUSD5
2323,CHRAC1
2324,ARMCX2
2325,C2CD2
2326,TRMT2A
2327,TRIM24
2328,PDE12
2329,PEX5
2330,SCN3B
2331,BTBD16
2332,LUZP1
2333,PDE9A
2334,FSTL4
2335,KCNQ4
2336,UBE2B
2337,MTHFD1
2338,IFFO1
2339,PPP1R12A
2340,IQGAP1
2341,DNAH12
2342,RPS6KA3
2343,RARA
2344,NXPH1
2345,FAM163B
2346,SFRP2
2347,SCYL3
2348,GLE1
2349,CYB561D1
2350,SKAP1
2351,SYNJ2
2352,SORBS2
2353,PDHB
2354,RMND5B
2355,LITAF
2356,MTSS1
2357,ANKRD16
2358,LACC1
2359,APLN
2360,CASP8AP2
2361,CHD8
2362,C1orf226
2363,ATF5
2364,RALGPS1
2365,NT5C3B
2366,RGP1
2367,TRIM29
2368,BTBD6
2369,BCL7A
2370,RASGRP4
2371,TAF3
2372,ZNF668
2373,CLMN
2374,TLE3
2375,CEP170B
2376,PRKD1
2377,ATXN2L
2378,SBNO1
2379,TNS1
2380,RPH3AL
2381,DTX3L
2382,CLSTN2
2383,TTC9B
2384,PNMT
2385,C1QL2
2386,TRIM17
2387,ZSWIM5
2388,TMEM130
2389,NRXN2
2390,EARS2
2391,KDR
2392,APPL1
2393,BHLHE22
2394,RASSF7
2395,ZSCAN21
2396,FAM107A
2397,STK4
2398,ATP6V1F
2399,PXDN
2400,CTDNEP1
2401,ATF3
2402,GTDC1
2403,BHLHE40
2404,PPFIBP2
2405,TECPR1
2406,ZSWIM3
2407,PIN1
2408,PCF11
2409,TRABD2B
2410,PRMT8
2411,ST6GAL1
2412,MRPL37
2413,VILL
2414,SGSM3
2415,ZNF669
2416,POLR3C
2417,MPST
2418,DERA
2419,TRAF7
2420,JPH3
2421,STX3
2422,CLCN5
2423,AMER2
2424,DPYD
2425,MYO19
2426,SIRPA
2427,TPMT
2428,COL1A1
2429,NGDN
2430,RUNX1T1
2431,BIN3
2432,MYRIP
2433,SLC44A5
2434,KHDRBS1
2435,SEPHS2
2436,HDC
2437,DRP2
2438,MKKS
2439,FAM47E
2440,ADCY6
2441,CCDC158
2442,DLGAP1
2443,CD200
2444,LRRC24
2445,NOX4
2446,LY6D
2447,RASSF8
2448,MCM5
2449,MTMR10
2450,CLPX
2451,FBXO22
2452,CYP4X1
2453,SLC37A4
2454,MTFMT
2455,SDSL
2456,CDK9
2457,GOSR1
2458,NPAS3
2459,WDR46
2460,UIMC1
2461,CDC123
2462,ELMO3
2463,MTFR1
2464,PIGS
2465,MCAT
2466,CFL2
2467,HYLS1
2468,GMEB1
2469,SPARCL1
2470,NTN4
2471,RGS7BP
2472,ENTPD7
2473,ENPP5
2474,C4orf33
2475,SPTBN2
2476,PARVA
2477,PTGFR
2478,POSTN
2479,PDZD2
2480,SETD1A
2481,NLN
2482,NOVA1
2483,CDC25B
2484,FAR2
2485,RPAIN
2486,KCTD12
2487,EXTL1
2488,NFE2L1
2489,CYTH2
2490,PGAP3
2491,NKAIN3
2492,JAZF1
2493,EXTL3
2494,IFI44
2495,KLHDC4
2496,GZF1
2497,DLG3
2498,MNS1
2499,CECR2
2500,ZBTB45
2501,PLCB2
2502,PRR15
2503,GPATCH1
2504,L1CAM
2505,PMEPA1
2506,TRMT12
2507,MAN1A2
2508,PYROXD1
2509,NOTCH1
2510,FGF13
2511,FZD2
2512,CACNG6
2513,GALNT14
2514,PLEKHA4
2515,TRRAP
2516,UNC5D
2517,SYT3
2518,MYT1
2519,NFKBIE
2520,PIK3CG
2521,ZNHIT3
2522,NTRK3
2523,RIMS1
2524,SPICE1
2525,MAP4K3
2526,FAM117A
2527,IGF1
2528,PPIL6
2529,ZNF513
2530,KCNJ6
2531,DACT2
2532,FGF18
2533,GBE1
2534,PI4KA
2535,PHF20L1
2536,PSME3
2537,DYNC2LI1
2538,VPS13A
2539,MAN2B2
2540,MPPED2
2541,TONSL
2542,NPTXR
2543,ADAMTS8
2544,MYCL
2545,ZNF711
2546,NDFIP2
2547,TEX30
2548,ARID5A
2549,MAPK12
2550,SYNPR
2551,IKZF2
2552,SHB
2553,SREBF1
2554,AP4B1
2555,KLC4
2556,GTF2H1
2557,FGFBP3
2558,PDIA6
2559,NAT8L
2560,WFDC2
2561,ERC2
2562,CTNNB1
2563,WHAMM
2564,CRTC1
2565,UGGT2
2566,TRIM26
2567,LIPG
2568,EFCAB5
2569,TP53INP1
2570,STEAP1
2571,CDCA7
2572,RGS20
2573,CELSR2
2574,UACA
2575,HERC6
2576,SON
2577,FNIP2
2578,GIPR
2579,BAHD1
2580,UNC119
2581,CIDEA
2582,ROCK2
2583,DPM2
2584,CXCL14
2585,TMEM44
2586,NEUROD2
2587,IER5L
2588,CYC1
2589,HERC2
2590,PNLDC1
2591,GNL1
2592,WNT3
2593,MGP
2594,IFT57
2595,MRPL45
2596,TULP2
2597,FRMD4A
2598,RAB9A
2599,PDGFRL
2600,NPM3
2601,SYN3
2602,LRFN3
2603,PPP1R3B
2604,LMO4
2605,LRFN2
2606,SMPX
2607,PGM2L1
2608,DCAF7
2609,EAPP
2610,TMEM241
2611,DUSP12
2612,CCDC149
2613,HS3ST2
2614,HS3ST4
2615,VSIG8
2616,ALDH1L2
2617,ITPKB
2618,ANKH
2619,RNASE1
2620,ANKRD55
2621,COMMD1
2622,PCSK2
2623,NUDT4
2624,PARP11
2625,UBXN10
2626,HTRA2
2627,WDR86
2628,IGSF5
2629,DET1
2630,AR
2631,ST6GALNAC4
2632,PRELID2
2633,TRMT44
2634,RABL2A
2635,UGP2
2636,EGFL7
2637,ADAMTS17
2638,SLC6A17
2639,TTC13
2640,TDO2
2641,CDCA7L
2642,NQO1
2643,HCN1
2644,ELP4
2645,MCM4
2646,IL17RD
2647,DUSP5
2648,NHLH2
2649,QKI
2650,MAPK9
2651,ANKRD11
2652,MICU2
2653,COL4A5
2654,ARMC3
2655,VPS26B
2656,TAF13
2657,YEATS2
2658,GALNT12
2659,OGG1
2660,TBC1D22B
2661,CCDC124
2662,SESTD1
2663,FANCD2
2664,FLRT1
2665,CIT
2666,CLIC4
2667,NPY
2668,ANKRD28
2669,ATCAY
2670,KAT7
2671,DDX25
2672,SLC2A8
2673,PBX1
2674,SLC7A4
2675,TMEM39B
2676,DNAAF1
2677,P2RX7
2678,CMTM8
2679,CTDSP1
2680,LIX1
2681,GUCY1A2
2682,ZNF787
2683,IFITM3
2684,HEXB
2685,CHRNA4
2686,LNX2
2687,TYRO3
2688,LNX1
2689,SPRYD7
2690,ACP2
2691,POMK
2692,CTDSPL
2693,MRC1
2694,TOX3
2695,C10orf105
2696,LSM10
2697,PVALB
2698,ARMC1
2699,NPHS1
2700,CNEP1R1
2701,SCAMP5
2702,ZMYND10
2703,PGK1
2704,HIRA
2705,CDK10
2706,GPC5
2707,POP7
2708,ATP8B2
2709,RUSC2
2710,GOLGA1
2711,CRMP1
2712,TSHZ3
2713,RNASEH2B
2714,SEMA6B
2715,SGTB
2716,AATF
2717,BDH2
2718,ACTN1
2719,COQ6
2720,HDAC4
2721,ZNF208
2722,TRAPPC3
2723,PAQR8
2724,TLE2
2725,RNF11
2726,ZC3H14
2727,AMPH
2728,CLEC2L
2729,SH2D5
2730,PCDH19
2731,CHL1
2732,PFN2
2733,SH3D19
2734,SEMA3F
2735,GLS2
2736,PTAFR
2737,ICA1
2738,EVI5
2739,MAF1
2740,MTFP1
2741,FOXJ3
2742,ALS2
2743,TBCD
2744,IL7R
2745,POLG2
2746,FAM216A
2747,RIN1
2748,TCP1
2749,RCN3
2750,CCDC12
2751,SH2B3
2752,PPWD1
2753,MAB21L1
2754,ICAM5
2755,CNTLN
2756,EDC3
2757,SP8
2758,TMOD1
2759,PRKAR1B
2760,EMID1
2761,SEMA4F
2762,UBA1
2763,PPFIA3
2764,SCN1B
2765,HPS6
2766,DGKE
2767,UBE2D2
2768,TMEM183A
2769,ATG4D
2770,FAM149A
2771,DNAH6
2772,MPP1
2773,FDFT1
2774,CYB561
2775,ABCF2
2776,C11orf80
2777,PANK4
2778,EEF2K
2779,KLHL14
2780,CSRNP1
2781,RNPEP
2782,SPRY2
2783,CEP128
2784,MTR
2785,KHDC1L
2786,ANK3
2787,MED9
2788,KAT2B
2789,PARL
2790,GLIS1
2791,EFEMP1
2792,DCAF4
2793,DUS2
2794,TTC3
2795,MAP3K4
2796,IAH1
2797,EFS
2798,VIPR1
2799,ERCC6L2
2800,RFC2
2801,GNG13
2802,INHA
2803,NDEL1
2804,GJB1
2805,SIRT7
2806,LARP4B
2807,SMYD3
2808,COL4A6
2809,FHL3
2810,HSPA12B
2811,TIFA
2812,TRIAP1
2813,AMN1
2814,UNC45A
2815,WDSUB1
2816,PDCD2L
2817,CCM2L
2818,PAIP2
2819,ATM
2820,CARS2
2821,TUBGCP4
2822,CRYBB1
2823,ACSL6
2824,SLC7A1
2825,SLC39A8
2826,FAT3
2827,ACVR2A
2828,KCNH4
2829,TTC25
2830,CSNK1G1
2831,CYP26A1
2832,XRCC4
2833,ZNF131
2834,TOPBP1
2835,MCOLN1
2836,NR2F2
2837,TADA2A
2838,VEZT
2839,GPATCH8
2840,OGDHL
2841,TSPAN7
2842,ST8SIA5
2843,ZFP69
2844,ADNP2
2845,INPP5B
2846,PTPN3
2847,RHBDL3
2848,FAM110A
2849,FERMT2
2850,CAPN3
2851,NFKB1
2852,NCOA3
2853,KRT1
2854,HTR2C
2855,SPTLC2
2856,SOWAHB
2857,CAMK2G
2858,HTR1F
2859,AJAP1
2860,NAALAD2
2861,DQX1
2862,OAZ2
2863,N4BP2L1
2864,RIPK2
2865,MOSPD1
2866,BBX
2867,RB1CC1
2868,SLC35B1
2869,AGMAT
2870,SLC12A8
2871,AP3B1
2872,PLEKHG5
2873,NUDCD3
2874,TXNRD2
2875,BCL11A
2876,LRRC56
2877,MRPS22
2878,ST7
2879,PIGG
2880,HK1
2881,GBA
2882,PREP
2883,PTPN7
2884,SECISBP2
2885,ABCD2
2886,ERLEC1
2887,GJD2
2888,HTR7
2889,POLR3H
2890,ZNF629
2891,LSP1
2892,DCX
2893,TAPBP
2894,SART3
2895,SEC16A
2896,VPS41
2897,FOXJ2
2898,FRMD8
2899,HRH3
2900,DAG1
2901,YPEL3
2902,NAP1L3
2903,LSM11
2904,PACSIN1
2905,ABI2
2906,LRAT
2907,GID4
2908,SHISA9
2909,MBTPS2
2910,SIDT1
2911,PPP1R11
2912,ATP6AP2
2913,LAG3
2914,MRPL24
2915,DONSON
2916,PTPN1
2917,BRMS1L
2918,SERTAD2
2919,TMEM178A
2920,STARD4
2921,CDC23
2922,BAZ1A
2923,GLYR1
2924,ISG15
2925,CSRP1
2926,GDNF
2927,USP7
2928,TBC1D14
2929,RELL2
2930,SYT6
2931,TMEM229A
2932,KCNC3
2933,EMX1
2934,NUS1
2935,GABRB3
2936,ZNF354A
2937,ZNF821
2938,RCAN3
2939,SNX8
2940,HS3ST1
2941,CKMT1B
2942,GPR183
2943,RAB30
2944,ZC3HC1
2945,C1orf115
2946,GSTM5
2947,GNB1
2948,RHEBL1
2949,PLK2
2950,MRPS11
2951,SHMT2
2952,MTBP
2953,ISOC1
2954,AHCTF1
2955,AGBL4
2956,SUPT7L
2957,ATP2A3
2958,CDIP1
2959,MICALL1
2960,APMAP
2961,RRP12
2962,GPR161
2963,KLHL26
2964,PTAR1
2965,PITPNB
2966,SLC38A2
2967,SMOC1
2968,MBOAT1
2969,RORB
2970,METTL9
2971,CACNG3
2972,NUPR1
2973,TMEM26
2974,CNST
2975,TAC3
2976,FGF14
2977,ING1
2978,DNAJA3
2979,NMT2
2980,BASP1
2981,SNRNP200
2982,ARHGAP1
2983,PUS10
2984,STX1B
2985,ANXA11
2986,SDHA
2987,FAM171B
2988,PNMA2
2989,LIFR
2990,GLRB
2991,COQ4
2992,VSTM2A
2993,NUMBL
2994,SLIT1
2995,MLLT6
2996,VRK1
2997,POLDIP2
2998,STMN1
2999,SAMD11
3000,PDP2
3001,SAP30L
3002,TCF7L1
3003,BRWD1
3004,ZFAND2A
3005,S100B
3006,TRIM21
3007,KATNBL1
3008,ARHGAP26
3009,MZF1
3010,ZNF2
3011,RTP1
3012,CATSPERG
3013,GRK6
3014,PAXBP1
3015,CDH4
3016,PITPNM2
3017,SETD7
3018,FEZ2
3019,ELL2
3020,FAM3C
3021,ZNF7
3022,TUB
3023,RIC8B
3024,TUBA4A
3025,PCCA
3026,PIGZ
3027,SEZ6L2
3028,TASP1
3029,FITM2
3030,FAHD1
3031,B3GNTL1
3032,CLUAP1
3033,PTGIS
3034,DSCAM
3035,TM7SF3
3036,USB1
3037,NFE2L2
3038,LRRC1
3039,OPRM1
3040,SLC10A7
3041,IRX3
3042,PRR5L
3043,LRRC38
3044,CNOT6L
3045,MTHFR
3046,TYW5
3047,RPUSD4
3048,ANKRD34C
3049,EPHA4
3050,RGS2
3051,AMDHD2
3052,ETF1
3053,RPTOR
3054,FADS3
3055,PRKDC
3056,LEFTY1
3057,HOMER2
3058,OXSR1
3059,MRM1
3060,TGFBR2
3061,CDH8
3062,KCTD15
3063,GDF10
3064,TIMP2
3065,SCN2A
3066,TMEM163
3067,GIN1
3068,ANKRD26
3069,ZNF346
3070,MREG
3071,PKD2L1
3072,HAPLN4
3073,MAGI3
3074,CHGA
3075,NMUR2
3076,CHRNA2
3077,CHADL
3078,PPIE
3079,ORMDL2
3080,OTUD3
3081,RHOC
3082,C3orf33
3083,CDK20
3084,STOX2
3085,ATL2
3086,CACNG7
3087,BBS12
3088,CAB39L
3089,CNN3
3090,LYNX1
3091,LPAR3
3092,KCNA5
3093,MYT1L
3094,ZMYM3
3095,MTMR12
3096,TMEM198
3097,AP3M2
3098,EPHA5
3099,GPR162
3100,UCHL5
3101,PTCHD1
3102,DEPDC5
3103,LRWD1
3104,EDEM1
3105,SYCE1
3106,GMPPB
3107,NUAK1
3108,PILRA
3109,BCOR
3110,EGR1
3111,LONRF2
3112,ARX
3113,ZNF236
3114,LDLR
3115,SHANK2
3116,TFEB
3117,TOP3A
3118,PFKM
3119,EXOSC2
3120,GRIK1
3121,HSF1
3122,ARHGAP29
3123,ARHGAP30
3124,NIT2
3125,PCK2
3126,SLC25A26
3127,TBL1X
3128,HTATIP2
3129,SLC25A5
3130,ASTN1
3131,ANKRD2
3132,SHANK1
3133,OXGR1
3134,NMNAT2
3135,MAPK8IP3
3136,TGFB1I1
3137,DCAF8
3138,NUDT6
3139,RECQL4
3140,TBC1D8B
3141,FNDC5
3142,CYP26B1
3143,CENPE
3144,LRRC36
3145,ADCY2
3146,HS3ST5
3147,SCN4B
3148,CTSF
3149,ASL
3150,MPP3
3151,STAM
3152,ARFGAP1
3153,KHDRBS3
3154,RASA3
3155,DENND6B
3156,SLCO1A2
3157,ALDH4A1
3158,PRICKLE2
3159,KIRREL2
3160,PDK1
3161,ADAM22
3162,FHAD1
3163,CCKBR
3164,BDP1
3165,TP53BP1
3166,SPTAN1
3167,EIF1AX
3168,RGS14
3169,PLEKHF1
3170,SRSF2
3171,PSMD7
3172,GREM2
3173,SLC8A3
3174,PDCD2
3175,ARHGEF4
3176,PPP3CB
3177,SIK2
3178,PINK1
3179,KIF4A
3180,TMEM240
3181,SLC25A14
3182,ID4
3183,LRFN5
3184,SLC19A2
3185,PRPSAP1
3186,PCDH1
3187,CCDC177
3188,STX12
3189,UROD
3190,NCKAP5
3191,PTK2B
3192,INPP4A
3193,ARHGEF10L
3194,CCZ1
3195,TIMM8A
3196,NRBF2
3197,GAL3ST1
3198,DDX59
3199,FREM2
3200,RASGEF1A
3201,INTS5
3202,KMO
3203,PPP2R5E
3204,GOLGA2
3205,EFNA2
3206,DUSP14
3207,CBR1
3208,AK4
3209,AFAP1L1
3210,ACSF2
3211,ANKRD13C
3212,FBXO46
3213,NUAK2
3214,SNRPB
3215,RABL6
3216,JADE2
3217,UQCRC1
3218,AGTRAP
3219,MORN1
3220,REST
3221,NEK7
3222,FES
3223,SDK2
3224,MLST8
3225,FOXO1
3226,HERC4
3227,TLN2
3228,HUNK
3229,SOX6
3230,DPH5
3231,KLF12
3232,E4F1
3233,TYRP1
3234,DCLRE1A
3235,PTX3
3236,ZFAND4
3237,RAB3B
3238,ELOVL6
3239,KCNK10
3240,NEK3
3241,SNRPA1
3242,RNF44
3243,OGFR
3244,PHC1
3245,FAIM2
3246,QTRT1
3247,IGLON5
3248,ZNF23
3249,DOC2A
3250,NBEAL2
3251,E2F3
3252,LRRC59
3253,MED23
3254,TBCC
3255,TP53I11
3256,POLR3F
3257,PORCN
3258,TMEM138
3259,RANGAP1
3260,MLXIP
3261,FZD8
3262,ANAPC2
3263,SCO2
3264,PPP1R21
3265,PACS1
3266,CRYAB
3267,HECTD3
3268,FSIP1
3269,DNAL1
3270,ZDBF2
3271,ASB5
3272,SYBU
3273,CACUL1
3274,COPS8
3275,DMD
3276,ZNF217
3277,TMEM176B
3278,NAV1
3279,TBC1D23
3280,ZC3H18
3281,PDS5A
3282,IGFBP6
3283,ARHGEF12
3284,TP53INP2
3285,CDH11
3286,TSEN2
3287,RCVRN
3288,PNCK
3289,PTPRR
3290,CDH20
3291,PTTG1
3292,PLIN3
3293,APCDD1
3294,R3HDM1
3295,RAD54B
3296,NOL4
3297,EPHX4
3298,CHRNB3
3299,MAPK11
3300,YWHAH
3301,CERS4
3302,PRPS2
3303,ASPDH
3304,CSMD3
3305,TWIST2
3306,PLEKHO1
3307,FAM114A1
3308,TRIM23
3309,SLC2A13
3310,SCG2
3311,CAND2
3312,AGA
3313,RAB35
3314,DPY19L2
3315,PMM1
3316,TBC1D10C
3317,ZFYVE16
3318,NAF1
3319,NBEAL1
3320,UBE3A
3321,INPP5A
3322,NKAPL
3323,MAPK8IP2
3324,SNAP91
3325,ITGA11
3326,HOMER1
3327,PDGFC
3328,PLB1
3329,FH
3330,ORC4
3331,FAM83H
3332,TAF1B
3333,WDR44
3334,KCNK13
3335,GTF2H4
3336,SNAP47
3337,PNMA3
3338,ANKS6
3339,UBXN11
3340,PLEKHA7
3341,DHRS3
3342,FGF7
3343,MRAP2
3344,TRNAU1AP
3345,GRIN2A
3346,KCNH3
3347,BEND7
3348,TM6SF1
3349,RBP4
3350,CNOT10
3351,KCNK1
3352,ANKRD33B
3353,ZNF563
3354,ARL15
3355,SLC25A17
3356,SND1
3357,DCLK3
3358,RARB
3359,ZBTB1
3360,PDP1
3361,TMEM184B
3362,GFPT2
3363,ATRNL1
3364,DNM1L
3365,ZCCHC2
3366,RAMP3
3367,ALDH1A2
3368,SSBP4
3369,TVP23A
3370,PCOLCE2
3371,ARL4D
3372,STEAP2
3373,TNKS1BP1
3374,TMEM8B
3375,E2F6
3376,GLT1D1
3377,RAD50
3378,ZBTB22
3379,NTSR2
3380,EFHD1
3381,LRP1B
3382,ADAM11
3383,PIP5K1B
3384,SCAMP1
3385,TAS1R3
3386,AP1M2
3387,TNRC6B
3388,BCL9L
3389,DPYSL4
3390,PRMT5
3391,USP5
3392,SUPT16H
3393,DNAH8
3394,ABCA6
3395,VSTM4
3396,RTKN2
3397,TTC21B
3398,AIF1
3399,NTN5
3400,PRKAR2B
3401,ENSA
3402,RNF208
3403,ADA
3404,UBE2O
3405,FABP3
3406,EBAG9
3407,GCNT4
3408,LSAMP
3409,ZNF598
3410,FGF10
3411,MAGOH
3412,ABR
3413,CENPT
3414,SMAD5
3415,TMEM132D
3416,CDR2
3417,PJA1
3418,SLC22A1
3419,CPNE4
3420,SLC22A18
3421,MMP17
3422,GLP2R
3423,NXPE3
3424,RGS9
3425,AP1G2
3426,IGBP1
3427,STK24
3428,RALGAPA2
3429,CYP39A1
3430,CNRIP1
3431,NDUFA10
3432,FADS6
3433,ZFYVE28
3434,SARM1
3435,STX8
3436,APLP2
3437,FAM126B
3438,CTNND2
3439,ETV6
3440,ZNF519
3441,PTH2R
3442,AP3D1
3443,TAF1C
3444,MLIP
3445,GSPT1
3446,NFE2L3
3447,NEGR1
3448,MAP3K10
3449,CBLL1
3450,SNX21
3451,PCDH17
3452,PARD3
3453,MRI1
3454,FCHO2
3455,NFIB
3456,SIPA1L2
3457,TUBGCP5
3458,LGR4
3459,COMMD2
3460,RABEPK
3461,ZFP36L1
3462,TRPC4
3463,KIF15
3464,FBXL20
3465,GRHL1
3466,SIRT3
3467,PCP4
3468,YIPF2
3469,SLC16A6
3470,SHKBP1
3471,EMD
3472,MAL2
3473,THEMIS2
3474,NEDD1
3475,RHOF
3476,KCNH5
3477,CD44
3478,MYH7B
3479,ANKZF1
3480,BEND5
3481,GMPPA
3482,NRG2
3483,FLVCR2
3484,RHOG
3485,MPG
3486,CEP250
3487,CAMKV
3488,NUFIP1
3489,LAMP2
3490,CCNJ
3491,CACNG8
3492,ACVR1B
3493,FAM214A
3494,SPATA19
3495,FAM227B
3496,P2RY1
3497,ANK1
3498,GGA1
3499,VEZF1
3500,HERPUD2
3501,SAMD4A
3502,SPIRE2
3503,MEGF10
3504,PRPF31
3505,HDAC9
3506,TAF5
3507,FILIP1
3508,LRRC7
3509,PLXDC1
3510,IQCK
3511,SAMD14
3512,F2R
3513,IWS1
3514,CUL1
3515,APOD
3516,TBC1D1
3517,PARVB
3518,MAML3
3519,ROR2
3520,PTPRT
3521,PDE6H
3522,PGAM1
3523,PTGS2
3524,GTF3C2
3525,KCTD4
3526,GSS
3527,PTGER3
3528,ALOX12B
3529,KCNK6
3530,DNA2
3531,ZHX2
3532,PPM1K
3533,RGS12
3534,GALNTL6
3535,CCSER1
3536,CUEDC1
3537,SLC35A1
3538,TSPAN13
3539,GPC1
3540,DBX2
3541,SH3BP5L
3542,VPS36
3543,ELOVL5
3544,ZNF462
3545,ZNF541
3546,TGM3
3547,TRANK1
3548,SRSF7
3549,LDLRAP1
3550,TMEM38A
3551,SORBS1
3552,CDS1
3553,ZNF12
3554,AGRN
3555,TRAF4
3556,TBC1D24
3557,OLFM1
3558,IL1RAPL2
3559,ITPRIPL1
3560,EGR2
3561,WFDC1
3562,NPTX2
3563,GPR37
3564,MCTS1
3565,CDAN1
3566,CLDN11
3567,GPAM
3568,ZKSCAN5
3569,CDIPT
3570,ZBTB38
3571,SEMA3A
3572,FANCL
3573,ARHGEF16
3574,ITGB1BP1
3575,ZBTB16
3576,SRM
3577,AKR1A1
3578,ATP11C
3579,ABLIM2
3580,LRRC8B
3581,EIF2B5
3582,BCL11B
3583,BIVM
3584,FAM98A
3585,KIAA0319L
3586,MAGI1
3587,RAB26
3588,ARHGAP25
3589,MIB2
3590,MON1A
3591,MCRS1
3592,DRC1
3593,C8orf34
3594,CLEC18B
3595,STXBP5
3596,RINT1
3597,SYTL2
3598,GGCT
3599,RPH3A
3600,RYK
3601,SLITRK4
3602,ATP10A
3603,GGT7
3604,TRHR
3605,PTCH1
3606,BLCAP
3607,GPD2
3608,GABRB2
3609,ZNF334
3610,GPR83
3611,TMEM65
3612,PPFIA2
3613,IGSF3
3614,ABCC5
3615,COL3A1
3616,PARP16
3617,VWA5B2
3618,SWAP70
3619,GALNT11
3620,GPR26
3621,SLC31A2
3622,DCPS
3623,CD248
3624,PPP3CA
3625,SPATA5
3626,CSPG5
3627,PCDHB11
3628,TRAF5
3629,SAMD5
3630,AP2A2
3631,DHRS11
3632,CSNK2A2
3633,SNUPN
3634,BIRC3
3635,TCF20
3636,ZDHHC22
3637,JAKMIP1
3638,WDFY2
3639,EFHD2
3640,FEZF2
3641,PSMG3
3642,ZNF423
3643,MRS2
3644,RASD1
3645,ZRANB3
3646,ADRB2
3647,DOC2B
3648,CACNA1A
3649,DNAJC19
3650,FAM189A2
3651,AKAP8L
3652,S100A10
3653,DBH
3654,CORO1A
3655,CA7
3656,CRYBA4
3657,POLR3E
3658,PALM3
3659,ENO4
3660,LRRC23
3661,IGF2BP2
3662,NEUROD6
3663,NKD2
3664,PDE8B
3665,PCDH10
3666,KCTD11
3667,CREBZF
3668,BRCC3
3669,ARRDC1
3670,TRIM36
3671,GREB1
3672,SLFN5
3673,IPCEF1
3674,B4GALNT1
3675,C2CD4C
3676,SLC25A45
3677,BAG3
3678,CELF3
3679,SLC5A5
3680,ZCCHC14
3681,WNT10A
3682,PAQR7
3683,AHR
3684,DUSP28
3685,PLK5
3686,FIZ1
3687,ZNF831
3688,SPATA6
3689,ATAT1
3690,DNMBP
3691,ELAVL4
3692,CEP68
3693,CCSAP
3694,DBNDD1
3695,SAC3D1
3696,TECR
3697,CDC42EP3
3698,KAT6A
3699,BATF3
3700,RBM10
3701,MET
3702,CORO2A
3703,SEMA5B
3704,TACC1
3705,FGD1
3706,GDPD2
3707,GRM1
3708,PDE1B
3709,RBM47
3710,LRSAM1
3711,IQSEC1
3712,ARHGEF5
3713,TPO
3714,RAP1GAP2
3715,NNMT
3716,TNNT2
3717,ZNF454
3718,IFT88
3719,STOML1
3720,CYTL1
3721,CRHBP
3722,SH3RF2
3723,ZNF358
3724,DMRT2
3725,INTS10
3726,BUD13
3727,CREB3L4
3728,S1PR5
3729,CCDC22
3730,UTP18
3731,MED1
3732,RNF19A
3733,NCLN
3734,CRK
3735,RAPH1
3736,FAM185A
3737,WIPF1
3738,DGKA
3739,ADAMTS13
3740,RBM45
3741,JOSD2
3742,ATG5
3743,IFT140
3744,NABP2
3745,ZBTB46
3746,SLC29A1
3747,SSBP3
3748,SMYD4
3749,MAST4
3750,BCR
3751,DLX1
3752,DCC
3753,CBLN4
3754,TTLL4
3755,HPCAL1
3756,RBM20
3757,OLFML1
3758,CBY1
3759,IKBKE
3760,METTL24
3761,TMEM140
3762,MAGT1
3763,CACHD1
3764,CHML
3765,GPM6A
3766,OBSCN
3767,ERI1
3768,RUVBL2
3769,TUBA1B
3770,SLC25A3
3771,NENF
3772,TMEM47
3773,OVGP1
3774,GTF2F2
3775,MAP3K12
3776,DUSP18
3777,WASF1
3778,BCL2L12
3779,PTPRK
3780,LRRC40
3781,SULF1
3782,RHOU
3783,APBB2
3784,MEDAG
3785,BAZ2A
3786,SQLE
3787,NEIL1
3788,LMO7
3789,ZDHHC14
3790,RGL1
3791,MKX
3792,KCND2
3793,MAT2B
3794,CALML4
3795,VSNL1
3796,GOPC
3797,DENND5B
3798,EXPH5
3799,PIK3C2G
3800,PNPLA3
3801,CRAT
3802,SMPD4
3803,SORCS2
3804,COG2
3805,CEP63
3806,NOP16
3807,LMTK2
3808,CSMD1
3809,IRX2
3810,FBXO6
3811,RITA1
3812,TRIB2
3813,ZNF174
3814,RAB24
3815,SLC30A3
3816,SH3BP5
3817,GABRG3
3818,RBM11
3819,SEH1L
3820,ATP2B3
3821,VAMP1
3822,SAE1
3823,CHAF1B
3824,SYP
3825,FAM160A2
3826,CA4
3827,TPD52L2
3828,KCNC2
3829,DHCR7
3830,GLDC
3831,PPIL2
3832,CDC40
3833,CRIM1
3834,ALAS1
3835,CRLF1
3836,ATN1
3837,ANKRD24
3838,GRM4
3839,ARMC9
3840,SLC9A6
3841,GARNL3
3842,IL13RA1
3843,KCNIP3
3844,SYN2
3845,ASH2L
3846,N4BP3
3847,HELLS
3848,BTBD2
3849,GPR160
3850,UCHL1
3851,DZANK1
3852,TRIM44
3853,PUS7L
3854,MAMDC4
3855,LHX9
3856,TPX2
3857,G3BP2
3858,HSPH1
3859,FAM222A
3860,ARHGEF7
3861,DNAJC3
3862,MECR
3863,PRKAB1
3864,USP24
3865,ST6GAL2
3866,DPP6
3867,RNF123
3868,CCDC3
3869,NEB
3870,FLT3
3871,MOB3B
3872,VCL
3873,VWCE
3874,TMEM160
3875,GRIP2
3876,TSPAN12
3877,IRF2
3878,RDH12
3879,MTX3
3880,POLE3
3881,GABBR2
3882,PON2
3883,SLC6A20
3884,FGF17
3885,COX6A2
3886,TMIE
3887,FABP7
3888,CHST14
3889,KCNJ9
3890,UBN1
3891,CENPW
3892,BFSP1
3893,SV2B
3894,LGI3
3895,MERTK
3896,TRIM7
3897,LHX6
3898,PASK
3899,GRIK5
3900,CAPN10
3901,SSX2IP
3902,C1GALT1
3903,ZBTB18
3904,GRIA4
3905,ESRP1
3906,MYO16
3907,RAPGEF5
3908,KCNMA1
3909,FBXL17
3910,RPS6KB1
3911,CHMP6
3912,PDXK
3913,MYL12A
3914,GRIA1
3915,R3HDM4
3916,CPLX2
3917,SRXN1
3918,PNKD
3919,CORT
3920,SLC39A4
3921,PLA2G7
3922,SPATA2
3923,ADRA2B
3924,IFT43
3925,NSMAF
3926,CCDC84
3927,CAP2
3928,NELL1
3929,MBD3
3930,OSBPL5
3931,NPW
3932,TES
3933,CEP89
3934,USP20
3935,WDR76
3936,SLC27A4
3937,SNX29
3938,DDX23
3939,ANKRD34A
3940,CRB1
3941,SLC4A8
3942,TNFAIP8L3
3943,GPR158
3944,NPY5R
3945,ZNF483
3946,SRSF10
3947,LAMB1
3948,DCDC2
3949,FOSL2
3950,PCDHB12
3951,DDX56
3952,GRIN3A
3953,CSDC2
3954,ASB7
3955,FBXO31
3956,SCAP
3957,MFSD6
3958,ALPL
3959,UBP1
3960,PRR16
3961,KIAA1549
3962,SYT7
3963,MICAL2
3964,TTC19
3965,HAUS2
3966,RNF165
3967,MRAS
3968,MEIS3
3969,IER5
3970,ING5
3971,SULF2
3972,EIF2B4
3973,NELFCD
3974,DDAH2
3975,CCK
3976,DYNC2H1
3977,RFC5
3978,NOD2
3979,YPEL5
3980,SLC38A11
3981,PDHX
3982,ULK1
3983,TANC1
3984,ZNF384
3985,F13A1
3986,TMEM74B
3987,TRAPPC12
3988,RFX3
3989,ZDHHC16
3990,MTHFD1L
3991,MLXIPL
3992,FZD4
3993,HEPH
3994,TFIP11
3995,AGAP3
3996,NCAPH2
3997,MTO1
3998,UBE3B
3999,LRRIQ1
4000,NEU1
4001,TNKS
4002,EPHB3
4003,RTN3
4004,DCAF6
4005,KATNB1
4006,HMOX1
4007,MOB1B
4008,PKNOX2
4009,KCNA1
4010,MKNK1
4011,SEC24D
4012,MATN4
4013,B9D2
4014,S100A4
4015,ZMIZ2
4016,IGSF21
4017,MALSU1
4018,NEXN
4019,ATXN10
4020,C1QL3
4021,PDXDC1
4022,STRBP
4023,FAS
4024,RNF26
4025,PRRC2A
4026,OTX1
4027,GNL3
4028,KCNH1
4029,PDE11A
4030,FAM126A
4031,GNAO1
4032,LYZL4
4033,SNX3
4034,TGFBRAP1
4035,GPR137
4036,KANK1
4037,ATXN7L2
4038,ZNF329
4039,RNF41
4040,ADCY9
4041,TIPARP
4042,TMEM181
4043,PTPRE
4044,UBE3D
4045,WIPF2
4046,TCERG1L
4047,GDPD1
4048,PGBD5
4049,NCALD
4050,CRY2
4051,ZNF398
4052,KIAA1755
4053,PNPLA7
4054,SLC26A4
4055,STAC2
4056,CC2D1A
4057,ARC
4058,ASAP3
4059,ZSCAN18
4060,FRRS1L
4061,MAPT
4062,VKORC1L1
4063,C5
4064,PRSS12
4065,CPLX1
4066,DENND4C
4067,CDC6
4068,SPDEF
4069,ASTN2
4070,MTUS2
4071,UBE2J2
4072,ZFP2
4073,KCNB2
4074,OSBPL10
4075,ZNF385B
4076,MKRN2
4077,NIP7
4078,OCEL1
4079,PAIP1
4080,OSBPL3
4081,STYK1
4082,SLC35E4
4083,CACNA1B
4084,NCOR2
4085,CHGB
4086,TIMM17A
4087,LRRK1
4088,AIFM1
4089,KIFC2
4090,SDHB
4091,SVOP
4092,FBXW9
4093,COL6A1
4094,RGS7
4095,LRRC39
4096,FANCA
4097,NHSL1
4098,VWA1
4099,WNT2
4100,DAB1
4101,MYCBP2
4102,NRXN1
4103,GYS1
4104,THBS4
4105,PIP5K1A
4106,SYT9
4107,TPPP
4108,CRELD1
4109,DUSP11
4110,CPNE9
4111,CPNE6
4112,GRIK4
4113,DOCK1
4114,EPHB2
4115,HDX
4116,SDAD1
4117,OPRK1
4118,TTLL7
4119,SFT2D2
4120,RMDN3
4121,MON2
4122,PYGO1
4123,EXOSC10
4124,FNBP4
4125,DNASE1L1
4126,AP1B1
4127,SRGAP3
4128,BAG4
4129,SMPD2
4130,SPATA13
4131,DNTTIP1
4132,NRBP1
4133,POC1A
4134,TMEM132B
4135,ZBTB7B
4136,BCAS1
4137,YPEL1
4138,EMP3
4139,LRRN2
4140,FBLN5
4141,BBC3
4142,THBS3
4143,AMDHD1
4144,FBXO32
4145,GRB14
4146,TPK1
4147,SMAD3
4148,SATB2
4149,MYLK4
4150,NR4A3
4151,CASKIN1
4152,KIF3C
4153,KCTD6
4154,SLITRK6
4155,MTHFD2L
4156,LRRTM2
4157,TBC1D25
4158,BAZ2B
4159,NGB
4160,GNPNAT1
4161,ITPKC
4162,RMDN1
4163,SRA1
4164,POLR2H
4165,HRH2
4166,ACYP2
4167,CHAF1A
4168,VIPR2
4169,KCNE4
4170,ZNF106
4171,LPAR1
4172,SSRP1
4173,PANK1
4174,OXNAD1
4175,INPP5J
4176,ADAMTSL3
4177,MANEA
4178,C1QB
4179,ZNF354C
4180,RIC3
4181,TBPL1
4182,TNFAIP8L1
4183,PPEF1
4184,DOK2
4185,PPP1R16B
4186,MFAP4
4187,LMNB1
4188,NXPH4
4189,PIAS4
4190,DDX60
4191,MED21
4192,C1QTNF2
4193,FAM189A1
4194,L3MBTL2
4195,DZIP3
4196,ZNF25
4197,TMEM259
4198,TRAF6
4199,ZCCHC18
4200,CEP95
4201,TCTA
4202,MRC2
4203,KAT2A
4204,LYSMD4
4205,RASSF1
4206,VGLL4
4207,DLX5
4208,WDR61
4209,ZNF267
4210,FAM168B
4211,PPIP5K1
4212,LRRC41
4213,TGFBR1
4214,KBTBD7
4215,ERCC1
4216,RHOBTB1
4217,SLC35C2
4218,CLSPN
4219,MEI1
4220,SPECC1L
4221,NR2F1
4222,TAF1D
4223,HIVEP1
4224,CDC7
4225,ALDH1A3
4226,HMCES
4227,BMP4
4228,SUCLA2
4229,ADAM17
4230,RAD23A
4231,PLCG2
4232,NDRG2
4233,RTTN
4234,EHMT2
4235,MDN1
4236,CCDC57
4237,CSF1
4238,EMC1
4239,PRKCI
4240,PTPRCAP
4241,NFX1
4242,ADAM10
4243,LRRC49
4244,TAF6
4245,ZYG11B
4246,ABCC8
4247,GDPD5
4248,GOT2
4249,BTBD10
4250,FAM110B
4251,PSTPIP1
4252,BBS5
4253,VPS37C
4254,DUSP7
4255,HYAL3
4256,LTA4H
4257,MCHR1
4258,FOSB
4259,VDAC1
4260,SRBD1
4261,BNIP3L
4262,SMAD9
4263,BCL2L2
4264,IL1RL2
4265,SNF8
4266,ABCB9
4267,ZNF526
4268,ANGPTL4
4269,SRRM4
4270,COL26A1
4271,DCP1A
4272,ST3GAL2
4273,CAPN5
4274,ST6GALNAC3
4275,SORL1
4276,HLF
4277,BTBD7
4278,KMT2C
4279,TSC22D1
4280,CDK5RAP1
4281,ATL1
4282,MAP1A
4283,UBE2W
4284,ZFAND1
4285,DCUN1D2
4286,FNDC4
4287,CSRP2
4288,VAV1
4289,FZR1
4290,ADAM12
4291,UBE2K
4292,DAPK1
4293,TYROBP
4294,GSG1L
4295,AGPAT3
4296,UBQLN4
4297,MGAT5B
4298,ENO2
4299,RIMS4
4300,KCNC1
4301,DDB1
4302,CASQ2
4303,SYTL5
4304,SHF
4305,TOR2A
4306,SLC25A13
4307,SH3GL1
4308,LRFN4
4309,CDH1
4310,ARMC7
4311,SHROOM3
4312,MAST3
4313,CHD3
4314,SNAPC4
4315,PDE4B
4316,DNAH5
4317,RAP2A
4318,RASIP1
4319,PCDH8
4320,KCNA2
4321,LRFN1
4322,VPS9D1
4323,HDAC8
4324,CTC1
4325,PURB
4326,NXPH3
4327,MADD
4328,NIPSNAP1
4329,IRAK2
4330,SENP3
4331,RHOT2
4332,LRRC45
4333,ASB6
4334,EIF1AD
4335,CCNE2
4336,DDX41
4337,TPD52L1
4338,ADCY8
4339,FN3KRP
4340,NUDT22
4341,MARK1
4342,PPOX
4343,SRPK1
4344,MAS1
4345,MED24
4346,RBBP4
4347,SRL
4348,ABHD10
4349,TPRA1
4350,RAB8B
4351,COL13A1
4352,LTV1
4353,KDM5B
4354,VPS33B
4355,PADI2
4356,RASA2
4357,IFT172
4358,IGSF9
4359,CHRD
4360,DDIT4L
4361,KCNS1
4362,ARHGAP10
4363,ATP10B
4364,ACAA2
4365,TMEM59
4366,MAFF
4367,DPAGT1
4368,B4GALT2
4369,LIPH
4370,MOGS
4371,POLR3G
4372,CAMSAP2
4373,DENR
4374,RXFP1
4375,CRHR2
4376,ZSWIM6
4377,POLR2F
4378,DKK2
4379,LZTFL1
4380,PELI2
4381,GABRA2
4382,NELFB
4383,EXOC6
4384,GPAA1
4385,TMEM121
4386,RBP1
4387,RAPGEF2
4388,UBE2Z
4389,MRPS24
4390,KHK
4391,ABRACL
4392,POLD4
4393,SST
4394,SYTL1
4395,PGS1
4396,SLC8A1
4397,DAGLA
4398,CHST10
4399,AKAP8
4400,GNPTAB
4401,CCAR2
4402,DUSP19
4403,ZNF502
4404,SETBP1
4405,PYGB
4406,ZNF786
4407,SLITRK5
4408,BCL7C
4409,ARPC2
4410,FMN2
4411,WASF2
4412,ITGB8
4413,LRP3
4414,TEAD4
4415,WDR74
4416,GXYLT2
4417,RNF40
4418,ABHD14A
4419,PLEKHA5
4420,C11orf71
4421,TNPO2
4422,DOK7
4423,TUBA8
4424,HEY2
4425,SUGP1
4426,KLHL8
4427,AUTS2
4428,ZNF791
4429,TBRG4
4430,NPR3
4431,RASA1
4432,COX17
4433,HAX1
4434,COQ9
4435,RASGRF2
4436,CPNE2
4437,USP19
4438,LRRC57
4439,KIF21B
4440,DHX32
4441,PIK3CD
4442,TAMM41
4443,RELB
4444,USP4
4445,AGBL3
4446,ENTPD3
4447,BSN
4448,STAT6
4449,C2CD3
4450,COQ7
4451,LRRC6
4452,CSRNP2
4453,KLHL25
4454,YY1
4455,MPV17
4456,ARHGEF28
4457,TRDN
4458,ENOX2
4459,MED22
4460,TRNP1
4461,OPCML
4462,CHST2
4463,KLF8
4464,STK32C
4465,ITM2C
4466,ENDOG
4467,GPATCH3
4468,AP5B1
4469,GRAMD4
4470,PDHA1
4471,FAF1
4472,PTGR1
4473,PGM5
4474,KDM7A
4475,HEPACAM
4476,GNB2
4477,EML1
4478,NR2E1
4479,FAM181B
4480,MR1
4481,NAPA
4482,GALNT15
4483,FASTKD1
4484,CBFA2T3
4485,IGSF11
4486,KDM1A
4487,SLCO2A1
4488,ERGIC2
4489,SQSTM1
4490,FUNDC2
4491,SUPV3L1
4492,ANAPC7
4493,ST3GAL1
4494,SLIT3
4495,SCN8A
4496,WEE1
4497,C1QL1
4498,ZNF362
4499,RASL11A
4500,TBC1D20
4501,ABCD3
4502,TBRG1
4503,LTK
4504,ZIC1
4505,ALMS1
4506,MRPL52
4507,ZMYND8
4508,LASP1
4509,TPBG
4510,ZFAT
4511,RELN
4512,COL4A4
4513,SLX4IP
4514,ARL4A
4515,PI4KB
4516,USP36
4517,RADIL
4518,ACOX3
4519,NRIP3
4520,MEGF8
4521,GRSF1
4522,ACACA
4523,MOCS3
4524,ZIC4
4525,SIX3
4526,CREBBP
4527,CDK1
4528,AP4M1
4529,GABRA5
4530,CCNA1
4531,WNT7A
4532,IDUA
4533,RGS6
4534,MAP1LC3A
4535,HR
4536,GPSM2
4537,RGS11
4538,ATF6B
4539,GRPEL2
4540,WDR19
4541,RAI2
4542,GRID2
4543,GRIA3
4544,KCNK12
4545,TSPAN15
4546,ZRANB1
4547,SLC9A7
4548,OLA1
4549,HTR1D
4550,C3orf52
4551,LRRC73
4552,BNIP3
4553,KCNJ10
4554,GSK3A
4555,RNF8
4556,SASH1
4557,BLMH
4558,COL5A3
4559,RHCG
4560,ADCY3
4561,NFATC2IP
4562,CGREF1
4563,ERMP1
4564,PCDHB6
4565,LCMT1
4566,KLHDC3
4567,ATG7
4568,OGT
4569,IMP4
4570,NTNG1
4571,DCLK1
4572,LRRC4
4573,PLEKHM2
4574,ERCC2
4575,FOXB1
4576,ACAD8
4577,PPM1L
4578,IQCB1
4579,CAPN12
4580,GULP1
4581,HFE
4582,ST6GALNAC5
4583,COX7A1
4584,PITPNM3
4585,TMEM179
4586,ABCA8
4587,SMIM12
4588,DMRT3
4589,C16orf91
4590,RNLS
4591,AFTPH
4592,SFXN1
4593,TMEM161A
4594,RASL12
4595,ECSIT
4596,MYH7
4597,TPCN2
4598,MVP
4599,ZBTB21
4600,USP11
4601,SKAP2
4602,EFCAB7
4603,NIM1K
4604,GPR150
4605,KLHL5
4606,ZDHHC18
4607,LMTK3
4608,WIF1
4609,DTX3
4610,TOX2
4611,OPRD1
4612,PPP2R5A
4613,KIF6
4614,ABCC12
4615,FRS3
4616,PPARGC1A
4617,CTXN1
4618,TTPAL
4619,LGALS1
4620,SOCS1
4621,NR1D1
4622,BSG
4623,ATG16L2
4624,GRIA2
4625,FBXO33
4626,MAST1
4627,SNAP25
4628,CTSK
4629,TBK1
4630,MZT2A
4631,ILDR2
4632,RIMKLB
4633,CNTD1
4634,ZMAT3
4635,GABRA3
4636,CD6
4637,MOXD1
4638,PTPRH
4639,UNC13A
4640,TMEM167A
4641,ATP8A1
4642,TCERG1
4643,ZNF697
4644,FAM217B
4645,E2F5
4646,WSB2
4647,MYC
4648,AHNAK
4649,ROBO1
4650,FARS2
4651,PBX4
4652,KIAA1549L
4653,TTC9C
4654,NFIX
4655,NIPAL3
4656,GGA3
4657,AVPI1
4658,ITPR1
4659,DMXL2
4660,CALHM2
4661,RALGPS2
4662,POLL
4663,ALCAM
4664,C1RL
4665,SPATS1
4666,MRPL16
4667,MORN3
4668,RASGRF1
4669,CPPED1
4670,TLL1
4671,KNSTRN
4672,RARRES2
4673,TDG
4674,GABRA1
4675,CCBE1
4676,ADAMTS19
4677,PRKAA2
4678,RDH10
4679,PUS1
4680,TRIM11
4681,NME7
4682,DHX30
4683,HAUS7
4684,CAD
4685,SMURF2
4686,PMPCA
4687,ACAT1
4688,TNFRSF11A
4689,XKR6
4690,IGFBP4
4691,APBA2
4692,SPTBN4
4693,RAF1
4694,PLEKHA2
4695,CPM
4696,PARP8
4697,SLC27A2
4698,TMPRSS9
4699,NUP54
4700,AGAP2
4701,CNTNAP5
4702,EPHA8
4703,MARK4
4704,RPL15
4705,CLIP2
4706,SYCP2
4707,MPND
4708,CAPN15
4709,TOR3A
4710,TMEM117
4711,LRP8
4712,CD36
4713,FAM78A
4714,LSS
4715,KCNA4
4716,PROSER2
4717,UBL7
4718,REPS1
4719,TULP3
4720,CCDC122
4721,FBRSL1
4722,WDR62
4723,MRPS23
4724,DDHD2
4725,GPR155
4726,GNB5
4727,PIAS1
4728,ABI1
4729,CORO6
4730,NAGPA
4731,TACC2
4732,CAMTA2
4733,NOP56
4734,RUNDC1
4735,MAP3K13
4736,STRIP2
4737,POLR2E
4738,TRMT10A
4739,NUDT8
4740,PITRM1
4741,SETD5
4742,AAK1
4743,PTPRO
4744,PHGDH
4745,GMPS
4746,CCDC28B
4747,SPTB
4748,FNDC9
4749,ZNF282
4750,SOX12
4751,RAD51AP2
4752,G2E3
4753,ABCG4
4754,ERMAP
4755,LRRC2
4756,TYMS
4757,SLC16A8
4758,TSPO
4759,TOLLIP
4760,TCP11L2
4761,NRG3
4762,TALDO1
4763,KITLG
4764,PDK4
4765,BICD1
4766,GRB2
4767,PEX6
4768,SPTSSB
4769,CYP46A1
4770,NEURL4
4771,TMEM59L
4772,BBS7
4773,DUSP1
4774,AFAP1L2
4775,FAM151B
4776,ATAD2
4777,SLC17A7
4778,PKD1
4779,TRPM6
4780,CCND2
4781,SHC3
4782,GRIK2
4783,ILF3
4784,PDLIM1
4785,MYO15A
4786,PSMC6
4787,IARS2
4788,ADCK5
4789,ZBTB10
4790,DBP
4791,TNNT1
4792,PRRG3
4793,ARHGEF3
4794,MMP16
4795,S100A16
4796,SNED1
4797,ASS1
4798,FASTKD3
4799,USP30
4800,LCMT2
4801,MMAA
4802,PRNP
4803,TRAPPC11
4804,GSN
4805,LURAP1L
4806,RTP4
4807,PTPRF
4808,KCTD9
4809,CCDC51
4810,LDB1
4811,CNTN4
4812,RAPGEFL1
4813,GOT1
4814,SNRNP25
4815,LRRN1
4816,PPP1R7
4817,ZMAT4
4818,IFITM2
4819,DGKH
4820,THAP3
4821,IFNGR1
4822,PCDH20
4823,SLA
4824,AP3S1
4825,SPIN1
4826,LRRFIP1
4827,VAV3
4828,JRK
4829,FBXW2
4830,POU6F1
4831,PPP1R16A
4832,PER2
4833,PLXNB3
4834,KLF10
4835,POLG
4836,SPON1
4837,CARD6
4838,IL33
4839,CD48
4840,HIC2
4841,ARMCX6
4842,PDS5B
4843,DVL3
4844,ZNF804B
4845,TRIM41
4846,NDST4
4847,ZNF219
4848,ZBTB11
4849,MACROD2
4850,ETNK2
4851,SLC12A2
4852,SF3A3
4853,ISG20L2
4854,TMEM81
4855,TPH2
4856,CYHR1
4857,VWA3A
4858,FIGN
4859,HDAC10
4860,ACTR2
4861,METTL5
4862,NME1
4863,HECW2
4864,DPH2
4865,CYCS
4866,SDF2
4867,ABHD8
4868,MTA3
4869,SPAG17
4870,ARL4C
4871,CDKL5
4872,GAS7
4873,TRMT1
4874,PPT2
4875,FZD3
4876,ECE1
4877,POPDC3
4878,ARNTL2
4879,PXMP4
4880,ATP2B1
4881,EXOSC5
4882,PRR7
4883,PSMC1
4884,BANP
4885,KCNMB4
4886,BCL2L15
4887,GPR34
4888,DOCK3
4889,FAM83D
4890,L2HGDH
4891,KIF17
4892,SPCS3
4893,EPHA7
4894,RNFT1
4895,TOX
4896,RSPO1
4897,MAP3K1
4898,GON4L
4899,C2CD5
4900,NR3C2
4901,DLK2
4902,NAPG
4903,RIF1
4904,KRT18
4905,PWWP2A
4906,TMEM68
4907,IKZF5
4908,ZER1
4909,RAPGEF1
4910,DOCK10
4911,LMBR1L
4912,SGMS1
4913,ATP6V0D1
4914,SCARF2
4915,TBP
4916,GOLGB1
4917,TRAIP
4918,CD200R1
4919,B3GAT1
4920,FREM3
4921,PDE2A
4922,PHF13
4923,SCAMP3
4924,GRM7
4925,FZD7
4926,GPR137C
4927,ZC3HAV1
4928,ATP13A3
4929,BRSK2
4930,ABTB1
4931,FHOD3
4932,REPS2
4933,UNC79
4934,YBX2
4935,TRMU
4936,KANSL3
4937,AAMP
4938,GATA3
4939,LAMP5
4940,AARS2
4941,FRMD5
4942,PPRC1
4943,OSBPL6
4944,APEH
4945,CACNA1G
4946,RSBN1
4947,CCDC85A
4948,SCARA5
4949,SLC35G1
4950,OPTN
4951,ENC1
4952,MLF2
4953,ARNTL
4954,ZDHHC21
4955,ZFAND6
4956,ZNF184
4957,CHRM1
4958,SH2B1
4959,PPM1J
4960,BNC2
4961,ACTL6A
4962,USP37
4963,CTSB
4964,TMOD2
4965,DHX57
4966,ROBO2
4967,GJA1
4968,GPRIN1
4969,NPRL2
4970,MRPL41
4971,PSMG1
4972,GRIP1
4973,COL19A1
4974,ART3
4975,COG1
4976,RMDN2
4977,CDKN3
4978,BRICD5
4979,ARF3
4980,HMCN2
4981,CD164
4982,ADAP1
4983,PRKCH
4984,TMEM255B
4985,DTNBP1
4986,TNFSF12
4987,NREP
4988,BAMBI
4989,LRRTM3
4990,DHPS
4991,SLITRK3
4992,ECM1
4993,GDAP1L1
4994,NRP2
4995,DDX42
4996,SYT5
4997,LATS2
4998,ITFG1
4999,XYLT1
5000,AZIN1
5001,DGKI
5002,CACNA1I
5003,EFCAB1
5004,FBXL18
5005,SPHKAP
5006,RNF150
5007,GLRX2
5008,WDR59
5009,CCDC148
5010,OSBPL1A
5011,NEFH
5012,RPRD1A
5013,RAI14
5014,PID1
5015,KDELR3
5016,RAB11FIP1
5017,LIMK1
5018,PSAT1
5019,PALMD
5020,SETD2
5021,TMED7
5022,PCLO
5023,LONP1
5024,TBR1
5025,TIMM44
5026,LAT
5027,TMEM159
5028,LY6E
5029,PEPD
5030,LAMA2
5031,SLC9A5
5032,SYNPO
5033,SORCS1
5034,SHQ1
5035,PHAX
5036,CRYBA2
5037,PLXNB2
5038,MED8
5039,SESN1
5040,ERMN
5041,CSGALNACT1
5042,LGALS3BP
5043,FBLN7
5044,BTBD9
5045,SRGAP1
5046,HSPA2
5047,CACNB4
5048,GPATCH4
5049,FBXO34
5050,PHF20
5051,CNTNAP3
5052,CUL9
5053,ELOVL4
5054,HSPBP1
5055,GABARAPL1
5056,TMTC2
5057,MAP2K2
5058,PTPN13
5059,SLC2A12
5060,SMIM19
5061,EYA1
5062,RASL11B
5063,LYRM7
5064,COX5A
5065,IMPDH1
5066,NRSN2
5067,YPEL4
5068,BTC
5069,ABCC10
5070,FLOT2
5071,FOXN2
5072,OLFM3
5073,SAMD3
5074,COBL
5075,REEP2
5076,RCOR1
5077,PRADC1
5078,RSPO3
5079,KNTC1
5080,AMER3
5081,KCNT2
5082,DEPDC7
5083,GUCY2D
5084,ANXA7
5085,DENND2D
5086,SLC37A3
5087,PRIMA1
5088,KIF24
5089,CROCC
5090,GRP
5091,CDH9
5092,TJP2
5093,ST18
5094,TSPYL2
5095,PPP6R2
5096,KALRN
5097,MAP3K6
5098,GOLM1
5099,AIM2
5100,FAM107B
5101,PARP2
5102,PIP4K2C
5103,ITGA8
5104,HTR5A
5105,NSUN6
5106,WNT6
5107,TGFBI
5108,ACSF3
5109,CCDC169
5110,CACNB1
5111,PKIG
5112,TMEM127
5113,RTN4RL1
5114,HTR3A
5115,DLEU7
5116,MAPK3
5117,TRUB1
5118,COQ3
5119,MRPS36
5120,SNPH
5121,HOOK3
5122,KLF11
5123,VPS53
5124,GIT1
5125,CLN3
5126,SORCS3
5127,SPAG6
5128,ADRA2C
5129,TIGD3
5130,ZFHX4
5131,MPPED1
5132,CYTH3
5133,TRPM2
5134,DYDC2
5135,HSF2BP
5136,SMUG1
5137,SCD
5138,ANKRD46
5139,POMGNT2
5140,LPP
5141,EZH1
5142,MOV10
5143,CTXN3
5144,EVI2A
5145,DNM1
5146,CTSC
5147,DYRK3
5148,NKD1
5149,FBXW7
5150,MBOAT7
5151,C15orf41
5152,MYH15
5153,AQP9
5154,ARHGAP33
5155,GPSM1
5156,TMEM145
5157,KDM5D
5158,ELAVL3
5159,INCENP
5160,KCNAB3
5161,AP4S1
5162,PGD
5163,SLC29A3
5164,PPP3CC
5165,RTN4R
5166,C12orf60
5167,TMEM125
5168,CXXC5
5169,LHX2
5170,MROH8
5171,DGKZ
5172,HINFP
5173,ISLR2
5174,GPC4
5175,B3GALT2
5176,ZC3H12B
5177,NIPAL2
5178,SLC17A8
5179,COL16A1
5180,CFTR
5181,CKAP5
5182,ITPA
5183,PANX2
5184,CCT4
5185,SLC35F3
5186,ADSL
5187,LRRTM1
5188,GABRB1
5189,ALPK3
5190,EFCAB6
5191,MGRN1
5192,RUFY2
5193,ZC3H12C
5194,L3MBTL3
5195,PPP4R4
5196,CMC2
5197,SNX7
5198,USP49
5199,DLX2
5200,PRPF40B
5201,NETO2
5202,RC3H2
5203,NEURL1B
5204,TMPO
5205,CLP1
5206,PCSK1
5207,SLC25A36
5208,P2RY6
5209,JAKMIP2
5210,THYN1
5211,WNT7B
5212,GPRASP1
5213,ANO3
5214,PFKP
5215,UTP6
5216,DDX54
5217,FOCAD
5218,FAM228A
5219,GBX2
5220,STK36
5221,ADAR
5222,HHIP
5223,CLTB
5224,COPS7A
5225,GLRA2
5226,DSCC1
5227,ASAP1
5228,DDX51
5229,RPS6KL1
5230,RSAD1
5231,TMPRSS5
5232,BTBD1
5233,STX6
5234,INSM2
5235,MOSPD3
5236,UBAC2
5237,MAD2L1
5238,TCF12
5239,PDGFD
5240,BRINP1
5241,C21orf91
5242,ME3
5243,NOA1
5244,S100PBP
5245,FAM168A
5246,CSNK1G2
5247,FBXL12
5248,NMRK1
5249,PJA2
5250,RAB3A
5251,FAM102B
5252,PLXNA2
5253,PLS1
5254,CADM1
5255,PLA2G3
5256,EFNB2
5257,CNKSR2
5258,EGFL6
5259,PCGF6
5260,MAPK8
5261,CCDC9
5262,HECTD4
5263,LTBP4
5264,ZNF676
5265,ZNF777
5266,ZNF212
5267,FBXO41
5268,SEMA3C
5269,GFOD2
5270,LMBRD2
5271,RSPH9
5272,AHSA1
5273,RAB11FIP3
5274,HS6ST2
5275,PKDCC
5276,RORA
5277,FOXRED2
5278,CARHSP1
5279,KCNV1
5280,LEF1
5281,KLHL35
5282,LIMD2
5283,KLHL11
5284,SEC14L1
5285,AKAP5
5286,LYPD6B
5287,IRAK4
5288,DNAJC5
5289,NADK2
5290,FAM78B
5291,HAS1
5292,NMRAL1
5293,GNG8
5294,LZTS1
5295,PDE4A
5296,STC1
5297,ARHGAP32
5298,CA12
5299,CLPTM1
5300,TAPT1
5301,MGLL
5302,ROMO1
5303,TRAM2
5304,TMEM52
5305,ARHGEF25
5306,CCDC62
5307,MGAT4C
5308,CDO1
5309,ZNF623
5310,MMD
5311,IRF7
5312,SYT13
5313,DCBLD1
5314,ARL6
5315,CCL28
5316,IGHMBP2
5317,TM9SF4
5318,RAB40C
5319,FZD6
5320,PIGQ
5321,TSTA3
5322,DIP2B
5323,GGA2
5324,SIVA1
5325,CXCR4
5326,AUH
5327,FAM118B
5328,ZFYVE9
5329,MCCC1
5330,ACAP3
5331,RAB6B
5332,F12
5333,CLSTN1
5334,NCAM2
5335,CAMTA1
5336,MPDZ
5337,ARMC8
5338,LRP2
5339,DPF3
5340,METAP1
5341,GNB4
5342,CUL7
5343,SPARC
5344,TDRD1
5345,PDLIM5
5346,ADCYAP1
5347,AHRR
5348,ARID5B
5349,CCNDBP1
5350,PABPC1L
5351,FAM131B
5352,SYT10
5353,KLHL17
5354,SCN5A
5355,KAT5
5356,CUX2
5357,NPTX1
5358,RASGEF1C
5359,HES7
5360,MESP2
5361,CABLES2
5362,EGF
5363,PINX1
5364,NECAB3
5365,CNTNAP2
5366,THBS2
5367,TNFAIP6
5368,SCYL1
5369,MYD88
5370,PCDH7
5371,GDA
5372,PLAGL1
5373,BRK1
5374,TMEM106C
5375,MVD
5376,ATG9A
5377,BECN1
5378,CEP19
5379,PPP1R26
5380,IVD
5381,AEBP1
5382,ASPM
5383,NPHP4
5384,SS18L1
5385,GPALPP1
5386,NEK2
5387,SLC35D1
5388,ZFP1
5389,POU2F2
5390,NLE1
5391,PTTG1IP
5392,TRIM9
5393,RS1
5394,VWC2
5395,PPP1R13B
5396,RNF6
5397,SLC30A4
5398,IGFBPL1
5399,TSR1
5400,IL17D
5401,MAP2K5
5402,SYNE3
5403,PIGL
5404,TPPP3
5405,OSCAR
5406,P2RX6
5407,COX11
5408,EGLN3
5409,KCNF1
5410,RNF216
5411,UGT8
5412,GLB1
5413,TINCR
5414,KIF3B
5415,SH3GL2
5416,SMG7
5417,FAM131A
5418,QRICH1
5419,ACTN4
5420,ATOX1
5421,COL25A1
5422,GTF3A
5423,PMS1
5424,LIMD1
5425,KCNH2
5426,TMEM67
5427,PPME1
5428,TM2D3
5429,SMIM13
5430,PHYH
5431,ORC2
5432,EFNA3
5433,TMEM14A
5434,DAGLB
5435,SMYD5
5436,ATXN7L3
5437,EXTL2
5438,OCA2
5439,PFKL
5440,FBN1
5441,ST8SIA1
5442,COX18
5443,ZNF641
5444,NNAT
5445,ANO1
5446,MBD1
5447,DLG2
5448,TMEM120B
5449,IYD
5450,SPRY4
